URL,Puan,Yaş Derecelendirmesi,Kategori,Geliştirici,Dil
https://apps.apple.com/tr/app/block-blast/id1617391485?l=tr,"4,7",13+,Bulmaca,Hungry Studio,TR
https://apps.apple.com/tr/app/super-bear-adventure/id1531842415?l=tr,"4,3",4+,Aksiyon,Earthkwak Games,EN
https://apps.apple.com/tr/app/brawl-stars/id1229016807?l=tr,"4,5",13+,Aksiyon,Supercell,TR
https://apps.apple.com/tr/app/arrows-puzzle-escape/id6748397500?l=tr,"4,7",9+,Bulmaca,Lessmore GmbH,TR
https://apps.apple.com/tr/app/kingshot/id6739554056?l=tr,"4,5",9+,Strateji,Century Games Pte. Ltd.,TR
https://apps.apple.com/tr/app/block-out-color-sort-puzzle/id6752672568?l=tr,"4,6",4+,Bulmaca,Grand Games A.Ş.,TR
https://apps.apple.com/tr/app/subway-surfers/id512939461?l=tr,"4,5",9+,Aksiyon,Sybo Games ApS,TR
https://apps.apple.com/tr/app/ufl-futbol-oyunu-2026/id6755629873?l=tr,"4,2",9+,Spor,XTEN Limited,N/A
https://apps.apple.com/tr/app/magic-sort/id6499209744?l=tr,"4,5",13+,Bulmaca,Grand Games A.Ş.,TR
https://apps.apple.com/tr/app/101-y%C3%BCzbir-okey-plus/id649260774?l=tr,"4,8",13+,Masa,Zynga Inc.,TR
https://apps.apple.com/tr/app/castle-busters/id6746328263?l=tr,"4,5",9+,Aksiyon,Voodoo,DE
https://apps.apple.com/tr/app/pubg-mobile/id1330123889?l=tr,"4,2",13+,Aksiyon,Tencent Mobile International Limited,TR
https://apps.apple.com/tr/app/efootball/id1117270703?l=tr,"4,3",9+,Aksiyon,KONAMI,TR
https://apps.apple.com/tr/app/fortnite/id6483539426?l=tr,"4,2",13+,Aksiyon,Epic Games Inc.,EN
https://apps.apple.com/tr/app/bus-rush-fever/id6759763476?l=tr,"4,6",13+,Bulmaca,"GOODROID,Inc.",EN
https://apps.apple.com/tr/app/whiteout-survival/id6443575749?l=tr,"4,6",9+,Strateji,Century Games Pte. Ltd.,TR
https://apps.apple.com/tr/app/otob%C3%BCs-simulator-ultimate/id1461749632?l=tr,"4,4",4+,Simülasyon,Zuuks Games,TR
https://apps.apple.com/tr/app/magic-tiles-3-piyano-oyunu/id1443446174?l=tr,"4,2",4+,Müzik,Amanotes Pte. Ltd.,TR
https://apps.apple.com/tr/app/paper-io-2/id1423046460?l=tr,"4,4",9+,Basit Eğlence,Voodoo,TR
https://apps.apple.com/tr/app/soccer-moccer/id6756003049?l=tr,"3,6",4+,Basit Eğlence,BUGRA EREN ERDOGAN,EN
https://apps.apple.com/tr/app/words-of-wonders-kelime-oyunu/id1369521645?l=tr,"4,7",4+,Kelime,FUGO BILISIM TEKNOLOJILERI VE YAZILIM TICARET ANONIM SIRKETI,TR
https://apps.apple.com/tr/app/arrows-go-ok-bulmacalar%C4%B1/id6758326278?l=tr,"4,5",4+,Bulmaca,Oakever Games,TR
https://apps.apple.com/tr/app/i-yi-pizza-g%C3%BCzel-pizza/id911121200?l=tr,"4,6",4+,Simülasyon,TAPBLAZE,TR
https://apps.apple.com/tr/app/ea-sports-fc-mobile-futbol-26/id1094930513?l=tr,"4,5",9+,Spor,Electronic Arts,TR
https://apps.apple.com/tr/app/vita-mahjong/id6468921495?l=tr,"4,8",4+,Kart,Vita Studio,TR
https://apps.apple.com/tr/app/n%C3%B6bet%C3%A7i-mahkeme/id6760950124?l=tr,"4,7",4+,RYO,BUGRA TUNCER,TR
https://apps.apple.com/tr/app/minecraft/id479516143?l=tr,"4,3",9+,Macera,Mojang,TR
https://apps.apple.com/tr/app/b%C3%BCfeci/id6762850272?l=tr,"4,8",4+,Simülasyon,Dogancan OZDEMIR,TR
https://apps.apple.com/tr/app/farming-simulator-26-mobile/id6748056918?l=tr,"2,7",4+,Simülasyon,GIANTS Software GmbH,TR
https://apps.apple.com/tr/app/plague-inc/id525818839?l=tr,"4,7",9+,Strateji,Ndemic Creations,TR
https://apps.apple.com/tr/app/s%C4%B1n%C4%B1r-g%C3%B6revlisi/id6757699360?l=tr,"4,8",9+,RYO,ERAY EROL,TR
https://apps.apple.com/tr/app/acil-doktoru/id6759113217?l=tr,"4,6",4+,Simülasyon,BUGRA TUNCER,TR
https://apps.apple.com/tr/app/%C5%9Fehir-y%C3%B6netimi-kasaba-ve-kart/id6746746394?l=tr,"4,7",9+,Strateji,ERAY EROL,TR
https://apps.apple.com/tr/app/streetpro-racing/id6670199903?l=tr,"4,7",4+,Yarış,yasin urun,EN
https://apps.apple.com/tr/app/tabu-resmi-oyun/id1563932741?l=tr,"4,8",4+,Masa,Marmalade Game Studio,TR
https://apps.apple.com/tr/app/otopark%C3%A7%C4%B1/id6762970009?l=tr,"4,6",4+,Simülasyon,Fatih Beceren,EN
https://apps.apple.com/tr/app/son-kontrol/id6770480037?l=tr,"5,0",9+,RYO,Fatih Beceren,EN
https://apps.apple.com/tr/app/parking-mafia-onli-ne/id6448928429?l=tr,"2,9",16+,Simülasyon,Ali Kar,EN
https://apps.apple.com/tr/app/stardew-valley/id1406710800?l=tr,"4,5",13+,RYO,ConcernedApe,TR
https://apps.apple.com/tr/app/earn-to-die-2/id891194610?l=tr,"4,5",13+,Aksiyon,Not Doppler,TR
https://apps.apple.com/tr/app/pompac%C4%B1-sim%C3%BClat%C3%B6r/id6767835460?l=tr,"3,3",4+,Simülasyon,ANIL Demir,EN
https://apps.apple.com/tr/app/balatro/id6502453075?l=tr,"4,9",13+,Kart,Playstack Ltd,DE
https://apps.apple.com/tr/app/cdci-oyun-al-sat/id6759861082?l=tr,"4,2",4+,Simülasyon,Fatih Beceren,EN
https://apps.apple.com/tr/app/my-child-lebensborn/id1298544927?l=tr,"4,4",13+,RYO,Hypotyposis Limited,EN
https://apps.apple.com/tr/app/1-tl/id6758114235?l=tr,"4,4",4+,Basit Eğlence,MITHAT GUMUS,EN
https://apps.apple.com/tr/app/etiket-tofask-online/id6477356535?l=tr,"4,0",4+,Simülasyon,Ali Kar,EN
https://apps.apple.com/tr/app/grand-theft-auto-san-andreas/id763692274?l=tr,"4,4",18+,Aksiyon,Rockstar Games,DE
https://apps.apple.com/tr/app/geometry-dash/id625334537?l=tr,"4,3",4+,Basit Eğlence,RobTop Games AB,EN
https://apps.apple.com/tr/app/burada-sadece-sen-vars%C4%B1n/id1094038347?l=tr,"4,8",13+,Macera,Danil Malinov,TR
https://apps.apple.com/tr/app/reds-first-flight/id1596736236?l=tr,"4,8",4+,Bulmaca,Rovio Entertainment Oyj,TR
https://apps.apple.com/tr/app/i-yi-kahve-g%C3%BCzel-kahve/id1603584945?l=tr,"4,4",4+,Basit Eğlence,TAPBLAZE,TR
https://apps.apple.com/tr/app/inmost/id6478596530?l=tr,"4,6",13+,Macera,Chucklefish Limited,TR
https://apps.apple.com/tr/app/dredge/id6526463862?l=tr,"3,5",13+,Macera,Black Salt Games,DE
https://apps.apple.com/tr/app/vampire-survivors/id6444525702?l=tr,"4,2",13+,Aksiyon,Poncle,TR
https://apps.apple.com/tr/app/lost-in-play/id6449434958?l=tr,"4,8",9+,Bulmaca,Snapbreak Games,TR
https://apps.apple.com/tr/app/deep-rock-galactic-survivor/id6742194903?l=tr,"4,0",13+,Aksiyon,Ghost Ship Publishing,EN
https://apps.apple.com/tr/app/teeny-tiny-town/id6449408808?l=tr,"4,1",4+,Masa,Short Circuit Studio,EN
https://apps.apple.com/tr/app/the-past-within-lite/id6443761523?l=tr,"3,9",13+,Macera,Rusty Lake,EN
https://apps.apple.com/tr/app/chants-of-sennaar/id6566195667?l=tr,"4,0",9+,Bulmaca,Playdigious,DE
https://apps.apple.com/tr/app/thronefall-a-little-kingdom/id6744029320?l=tr,"4,1",13+,Strateji,Doghowl Games Ltd.,TR
https://apps.apple.com/tr/app/timelie/id6739528472?l=tr,"4,8",4+,Bulmaca,Snapbreak Games,EN
https://apps.apple.com/tr/app/art-of-fauna-cozy-puzzles/id1630468596?l=tr,"4,9",9+,Bulmaca,Klemens Strasser,DE
https://apps.apple.com/tr/app/monument-valley-3/id6443563379?l=tr,"4,8",4+,Bulmaca,ustwo games,TR
https://apps.apple.com/tr/app/townsfolk/id6670406987?l=tr,"4,9",4+,Simülasyon,Short Circuit Studio,TR
https://apps.apple.com/tr/app/automatoys/id1580281448?l=tr,"3,7",4+,Bulmaca,Idle Friday,TR
https://apps.apple.com/tr/app/grand-mountain-adventure-2/id6475040075?l=tr,"4,4",9+,Spor,Toppluva AB,EN
https://apps.apple.com/tr/app/a-slight-chance-of-sawblades/id6444032878?l=tr,"4,7",9+,Aksiyon,Yong Kian Chin,DE
https://apps.apple.com/tr/app/duck-detective-ghost-glamping/id6751124234?l=tr,"4,6",9+,Macera,Happy Broccoli Games,EN
https://apps.apple.com/tr/app/toem-a-photo-adventure/id6743934969?l=tr,"4,7",4+,Macera,Snapbreak Games,TR
https://apps.apple.com/tr/app/daily-dadish/id1663146885?l=tr,"3,9",9+,Aksiyon,Thomas Young,EN
https://apps.apple.com/tr/app/rift-riff/id6746967900?l=tr,"2,8",13+,Strateji,Adriaan de Jongh,TR
https://apps.apple.com/tr/app/pine-een-verhaal-over-verlies/id1629500116?l=tr,"3,6",4+,Macera,Fellow Traveller,EN
https://apps.apple.com/tr/app/duck-detective-secret-salami/id6503263073?l=tr,"4,6",9+,Macera,Snapbreak Games,EN
https://apps.apple.com/tr/app/sunset-hills/id1523616156?l=tr,N/A,N/A,N/A,N/A,N/A
https://apps.apple.com/tr/app/loop-hero/id6464048549?l=tr,"4,7",9+,RYO,Playdigious,TR
https://apps.apple.com/tr/app/papers-please/id935216956?l=tr,"4,6",16+,RYO,3909,TR
https://apps.apple.com/tr/app/dadish-3/id1613609465?l=tr,"4,6",9+,Aksiyon,Thomas Young,EN
https://apps.apple.com/tr/app/i-am-your-beast/id6473058219?l=tr,"2,9",16+,Aksiyon,Frosty Pop,EN
https://apps.apple.com/tr/app/after-inc/id1631859420?l=tr,"4,7",9+,Strateji,Ndemic Creations,ZH
https://apps.apple.com/tr/app/retro-bowl-college/id1632904520?l=tr,"4,8",13+,Spor,New Star Games,EN
https://apps.apple.com/tr/app/production-chain-tycoon/id1662894978?l=tr,"4,6",4+,Strateji,Robert Grzybek,TR
https://apps.apple.com/tr/app/the-get-out-kids/id6477838776?l=tr,"4,6",9+,Macera,Frosty Pop,TR
https://apps.apple.com/tr/app/townscaper/id1549531491?l=tr,"4,1",4+,Basit Eğlence,Raw Fury,TR
https://apps.apple.com/tr/app/subnautica/id6478639011?l=tr,N/A,N/A,N/A,N/A,N/A
https://apps.apple.com/tr/app/pup-champs/id6743483654?l=tr,N/A,N/A,N/A,N/A,N/A
https://apps.apple.com/tr/app/supremacy-warhammer-40-000/id6476611896?l=tr,"2,0",16+,Strateji,Stillfront Supremacy GmbH,DE
https://apps.apple.com/tr/app/pond-pals/id6755534047?l=tr,"5,0",4+,Simülasyon,HyperBeard Inc.,DE
https://apps.apple.com/tr/app/the-completionist-1980-1989/id6759388583?l=tr,N/A,13+,Simülasyon,Frosty Pop,EN
https://apps.apple.com/tr/app/bufo-jump/id6762348613?l=tr,N/A,4+,Aksiyon,Gionathan Pesaresi,EN
https://apps.apple.com/tr/app/rogueslide/id6747688305?l=tr,N/A,13+,Bulmaca,Beep Yeah!,EN
https://apps.apple.com/tr/app/pokermancer/id6759608688?l=tr,"4,0",9+,Bulmaca,Adam Bray,EN
https://apps.apple.com/tr/app/minishoot-adventures/id6742404565?l=tr,"5,0",9+,Basit Eğlence,Yaozuo Games Ltd,DE
https://apps.apple.com/tr/app/clash-of-critters/id6741567125?l=tr,"4,7",9+,Basit Eğlence,Farlight Games,TR
https://apps.apple.com/tr/app/tennis-manager-26-my-player/id6761369258?l=tr,N/A,4+,Spor,ReboundCG,DE
https://apps.apple.com/tr/app/stillpoint-minimal-defense/id6761084082?l=tr,"1,0",4+,Strateji,Buff Studio Co.Ltd.,TR
https://apps.apple.com/tr/app/wordscapes-word-blast/id6752566651?l=tr,"5,0",9+,Bulmaca,"PeopleFun, Inc.",EN
https://apps.apple.com/tr/app/sword-x-staff/id6751270546?l=tr,N/A,N/A,N/A,N/A,N/A
https://apps.apple.com/tr/app/out-sketched/id6760415990?l=tr,N/A,N/A,N/A,N/A,N/A
https://apps.apple.com/tr/app/project-music/id6762417129?l=tr,N/A,4+,Müzik,SUNGMIN JIN,EN
https://apps.apple.com/tr/app/dreamscape-compass-walls/id6742513789?l=tr,N/A,4+,Bulmaca,RoadRocks,EN
https://apps.apple.com/tr/app/airline-empire-manager/id6758865591?l=tr,N/A,4+,Strateji,VDTruck LLC,EN
https://apps.apple.com/tr/app/racing-master/id6461415696?l=tr,"4,7",13+,Yarış,NETEASE INTERACTIVE ENTERTAINMENT PTE. LTD,EN
https://apps.apple.com/tr/app/neo-artifacts-strategy-rpg/id6760394762?l=tr,N/A,16+,Kart,Dragonest,EN
https://apps.apple.com/tr/app/nte-neverness-to-everness/id6754593077?l=tr,"4,4",13+,RYO,N2E ENTERTAINMENT PTE. LTD.,DE
https://apps.apple.com/tr/app/beholder-conductor/id6748957041?l=tr,"3,6",13+,Macera,Plug In Digital,TR
https://apps.apple.com/tr/app/abend-meltdown/id6737458201?l=tr,N/A,9+,Bulmaca,Laszlo Pinter,DE
https://apps.apple.com/tr/app/shattered-dimension/id6743739470?l=tr,"4,0",4+,Bulmaca,"COTTONGAME Network Technology Co., Ltd.",EN
https://apps.apple.com/tr/app/galaxy-cruiser/id6762054581?l=tr,"5,0",4+,Basit Eğlence,Kadir Yazgan,TR
https://apps.apple.com/tr/app/control-ultimate-edition/id6502953520?l=tr,"4,0",18+,Aksiyon,Remedy Entertainment PLC,EN
https://apps.apple.com/tr/app/bacon-in-zane/id6751200829?l=tr,"4,4",13+,Basit Eğlence,Philipp Stollenmayer,DE
https://apps.apple.com/tr/app/factory-balls-go/id6759607863?l=tr,"5,0",9+,Bulmaca,Bart BONTE,TR
https://apps.apple.com/tr/app/nubbys-number-factory/id6746919411?l=tr,N/A,4+,Bulmaca,MogDogBlog Productions,EN
https://apps.apple.com/tr/app/hearthside-a-teeny-tiny-game/id6759380444?l=tr,N/A,4+,Masa,Short Circuit Studio,DE
https://apps.apple.com/tr/app/farm-rush-harvest-tycoon/id6751950337?l=tr,"5,0",13+,Simülasyon,Miniclip.com,TR
https://apps.apple.com/tr/app/dicero/id6740966864?l=tr,"4,9",9+,Basit Eğlence,HABBY,ZH
https://apps.apple.com/tr/app/critter-spin/id6759133216?l=tr,N/A,4+,Bulmaca,Julian Damy,EN
https://apps.apple.com/tr/app/cozy-crosswords/id6757707409?l=tr,N/A,4+,Kelime,"Mulberry Tree Games, LLC",EN
https://apps.apple.com/tr/app/merchant-of-the-skies/id6754459969?l=tr,"5,0",4+,Simülasyon,Astral Ride,DE
https://apps.apple.com/tr/app/clay-jam-classic/id6759738137?l=tr,"5,0",4+,Aksiyon,YumYumYukYuk,EN
https://apps.apple.com/tr/app/my-mole/id6757511306?l=tr,"4,7",4+,Basit Eğlence,GAME START LLC,DE
https://apps.apple.com/tr/app/alien-morgue/id6760113695?l=tr,"5,0",13+,Simülasyon,ARTEM GUMENNIKOV,ZH
https://apps.apple.com/tr/app/chess-reels-puzzles-tactics/id6760829181?l=tr,"5,0",4+,Masa,Empire Dating Apps Limited,EN
https://apps.apple.com/tr/app/card-crawl-2/id6744351421?l=tr,N/A,N/A,N/A,N/A,N/A
https://apps.apple.com/tr/app/humbug-2/id6753792967?l=tr,"4,3",13+,Bulmaca,Dunderbit,EN
https://apps.apple.com/tr/app/this-aint-even-poker-ya-joker/id6757846100?l=tr,"5,0",4+,Strateji,Doghowl Games Ltd.,EN
https://apps.apple.com/tr/app/pixel-flow/id6751056652?l=tr,"4,2",13+,Bulmaca,Loom Games Oyun Yazilim ve Pazarlama Anonim Sirketi,TR
https://apps.apple.com/tr/app/viking-island-merge-adventure/id6740337084?l=tr,"4,7",4+,Bulmaca,Pine Games,TR
https://apps.apple.com/tr/app/sosyal-lig-futbol-oyunu/id725481540?l=tr,"3,8",18+,Spor,Rune Games,TR
https://apps.apple.com/tr/app/secrets-of-paradise-merge-game/id6743236882?l=tr,"4,8",13+,Bulmaca,uGo games FZE,TR
https://apps.apple.com/tr/app/capital-kings-idle-tycoon/id6738362686?l=tr,"3,3",18+,Masa,Lighthouse Games Studio,TR
https://apps.apple.com/tr/app/light-bloom-bulmaca-oyunu/id6751227232?l=tr,"5,0",4+,Bulmaca,muhammed ali tuna,EN
https://apps.apple.com/tr/app/roy-story-match-3-blast-games/id6751541328?l=tr,"4,7",4+,Bulmaca,Velo Oyun Yazılım ve Pazarlama Anonim Şirketi,TR
https://apps.apple.com/tr/app/cube-busters/id6737197130?l=tr,"4,8",4+,Bulmaca,Spyke Games,DE
https://apps.apple.com/tr/app/smashing-four/id1230892664?l=tr,"4,5",13+,Strateji,By Aliens L.L.C - F.Z,TR
https://apps.apple.com/tr/app/rune-puzzle-match-blast/id6499326939?l=tr,"4,6",4+,Bulmaca,Velo Oyun Yazılım ve Pazarlama Anonim Şirketi,EN
https://apps.apple.com/tr/app/kitchen-masters/id6474870266?l=tr,"4,8",4+,Bulmaca,Bigger Games,TR
https://apps.apple.com/tr/app/goal-battle-futbol-oyunlar%C4%B1/id6477293095?l=tr,"4,7",9+,Spor,Mage Games,TR
https://apps.apple.com/tr/app/dedektif-katy-gizli-objeler/id1645253707?l=tr,"4,6",13+,Macera,MoraLabs,TR
https://apps.apple.com/tr/app/summer-love-merge-story/id6478007896?l=tr,"4,9",4+,Bulmaca,Susa Games,TR
https://apps.apple.com/tr/app/petrolhead-extreme-car-driving/id6473174505?l=tr,"4,4",4+,Yarış,Lethe Studios,TR
https://apps.apple.com/tr/app/islash-masters/id949498190?l=tr,"4,3",13+,Bulmaca,Duello,DE
https://apps.apple.com/tr/app/goka-street/id1595129335?l=tr,"4,5",13+,Spor,Blay Games,TR
https://apps.apple.com/tr/app/kingdom-clash-sava%C5%9F-oyunu/id1611722542?l=tr,"4,6",13+,Strateji,AI Games FZ,TR
https://apps.apple.com/tr/app/find-the-cat-gizli-nesneler/id6523424272?l=tr,"4,9",4+,Bulmaca,Agave Games,EN
https://apps.apple.com/tr/app/farmington-farm-game/id1583061098?l=tr,"4,6",9+,Simülasyon,uGo games FZE,TR
https://apps.apple.com/tr/app/drift-max-pro-drift-racing/id1327721379?l=tr,"4,7",9+,Yarış,TIRAMISU STUDIOS YAZILIM HIZMETLERI ANONIM SIRKETI,EN
https://apps.apple.com/tr/app/highway-racer-pro/id6741471925?l=tr,"4,6",4+,Yarış,Spektra Games,DE
https://apps.apple.com/tr/app/polygun-arena-sava%C5%9F-fps/id6451040780?l=tr,"4,7",13+,Aksiyon,SIRIUS GAMES,TR
https://apps.apple.com/tr/app/o-benim-yerim-zeka-oyunu/id6532601126?l=tr,"4,7",13+,Bulmaca,ROOFTOP GAMES OYUN TEKNOLOJILERI ANONIM SIRKETI,TR
https://apps.apple.com/tr/app/merge-studio-fashion-makeover/id1615964753?l=tr,"4,6",4+,Basit Eğlence,Paxie Games,DE
https://apps.apple.com/tr/app/goodwill-tiles-match-rescue/id6717585856?l=tr,"4,7",4+,Bulmaca,Libra,EN
https://apps.apple.com/tr/app/galaxy-attack-space-shooter/id1225548580?l=tr,"4,6",9+,Basit Eğlence,GAU TECHNOLOGY LTD.,ZH
https://apps.apple.com/tr/app/cafeland-restoran-oyunu/id1147665432?l=tr,"4,5",4+,Aile,Gamegos Teknoloji A.S.,TR
https://apps.apple.com/tr/app/blitz-busters/id6467716382?l=tr,"4,6",4+,Bulmaca,Spyke Games,DE
https://apps.apple.com/tr/app/triple-match-city/id6450110217?l=tr,"4,6",4+,Bulmaca,Breeze Games L.L.C-FZ,EN
https://apps.apple.com/tr/app/raid-rush-tower-defense-td/id1662335371?l=tr,"4,4",13+,Strateji,Panteon Yazilim Oyun Egitim Teknolojileri ve Hizmetleri Sanayi Ticaret Anonim Sirketi,DE
https://apps.apple.com/tr/app/match-villains/id6479752688?l=tr,"4,6",4+,Bulmaca,Good Job Games,DE
https://apps.apple.com/tr/app/car-match-traffic-puzzle/id6504421808?l=tr,"4,5",13+,Bulmaca,Grand Games A.Ş.,TR
https://apps.apple.com/tr/app/royal-match/id1482155847?l=tr,"4,7",13+,Bulmaca,Dream Games,TR
https://apps.apple.com/tr/app/zen-match-relaxing-puzzle/id1560124228?l=tr,N/A,N/A,N/A,N/A,N/A
https://apps.apple.com/tr/app/kafa-topu-2-futbol-oyunu/id1193933380?l=tr,"4,4",9+,Spor,MASOMO LIMITED,TR
https://apps.apple.com/tr/app/fionas-farm/id1585193132?l=tr,"4,8",4+,Bulmaca,Ace Academy Teknoloji A.Ş.,EN
https://apps.apple.com/tr/app/food-inc/id1659416236?l=tr,"4,1",4+,Basit Eğlence,CREALODE GAMES YAZILIM VE TEKNOLOJI ANONIM SIRKETI,EN
https://apps.apple.com/tr/app/hocus-2/id1532229040?l=tr,"4,7",4+,Bulmaca,GAMEBRAIN YAZILIM TEKNOLOJILERI ANONIM SIRKETI,EN
https://apps.apple.com/tr/app/petrolhead-sokak-yar%C4%B1%C5%9F%C4%B1/id1514871568?l=tr,"4,4",4+,Yarış,Lethe Studios,TR
https://apps.apple.com/tr/app/shishke-bob/id1554491421?l=tr,"4,5",4+,Bulmaca,Blay Games,TR
https://apps.apple.com/tr/app/truck-simulator-ultimate/id1553900372?l=tr,"4,4",4+,Simülasyon,Zuuks Games,TR
https://apps.apple.com/tr/app/traffic-rider/id951744068?l=tr,"4,4",4+,Yarış,Skgames Yazilim Muhendislik Teknoloji Ltd. Sti.,TR
https://apps.apple.com/tr/app/toon-blast/id1176027022?l=tr,"4,7",4+,Bulmaca,Peak Games,TR
https://apps.apple.com/tr/app/rise-up-balonu-koruyun/id1354452189?l=tr,N/A,N/A,N/A,N/A,N/A
https://apps.apple.com/tr/app/basketbol-arena-spor-oyunu/id1491198695?l=tr,"4,6",9+,Spor,MASOMO LIMITED,TR
https://apps.apple.com/tr/app/parking-master-multiplayer/id1528846936?l=tr,N/A,N/A,N/A,N/A,N/A
https://apps.apple.com/tr/app/oddmar/id1247397901?l=tr,"4,9",9+,Aksiyon,Mobge Ltd,TR
https://apps.apple.com/tr/app/kelimelik/id563803371?l=tr,"4,6",13+,Kelime,He2 Apps,EN
https://apps.apple.com/tr/app/dotcraft/id1370994578?l=tr,"4,5",4+,Bulmaca,Rootcraft,DE
https://apps.apple.com/tr/app/merge-dragons/id1208952944?l=tr,"4,7",9+,Bulmaca,Gram Games,TR
https://apps.apple.com/tr/app/manor-cafe-e%C5%9Fle%C5%9Ftirme-oyunu/id1358742711?l=tr,"4,5",4+,Bulmaca,Gamegos Teknoloji A.S.,TR
https://apps.apple.com/tr/app/sync-party-hard/id1109398535?l=tr,"4,9",4+,Bulmaca,Siis,TR
https://apps.apple.com/tr/app/%C3%A7anak-okey-mynet-oyun/id536523082?l=tr,"4,6",18+,Masa,VUVY,EN
https://apps.apple.com/tr/app/cake-sort-puzzle-3d/id1634480695?l=tr,"4,6",18+,Bulmaca,Lion Studios Plus,DE
https://apps.apple.com/tr/app/ston/id1238293204?l=tr,"4,2",4+,Bulmaca,Flat Games,EN
https://apps.apple.com/tr/app/space-colony-idle/id1476713225?l=tr,"4,3",4+,Strateji,Veloxia,EN
https://apps.apple.com/tr/app/mergedom-home-design-merge/id1549205071?l=tr,"4,6",4+,Bulmaca,Carry1st,DE
https://apps.apple.com/tr/app/toy-blast/id890378044?l=tr,N/A,N/A,N/A,N/A,N/A
https://apps.apple.com/tr/app/recontact-london-cyber-puzzle/id1538633834?l=tr,"5,0",13+,Bulmaca,Recontact Digital Arts Oyun Teknoloji Anonim Sirketi,EN
https://apps.apple.com/tr/app/silsile/id1442922490?l=tr,"4,7",4+,Kelime,Hurol Ozturk,EN
https://apps.apple.com/tr/app/clash-royale/id1053012308?l=tr,"4,4",9+,Strateji,Supercell,TR
https://apps.apple.com/tr/app/township/id638689075?l=tr,"4,7",13+,Basit Eğlence,Playrix,TR
https://apps.apple.com/tr/app/pk-xd-e%C4%9Flence-dost-oyunlar/id1449842729?l=tr,"4,6",4+,Macera,Afterverse Games,TR
https://apps.apple.com/tr/app/101-okey-yalla-canl%C4%B1-sesli/id1544887147?l=tr,"4,7",13+,Masa,Yalla Technology FZ-LLC,TR
https://apps.apple.com/tr/app/revenge-of-sultans/id1068427731?l=tr,"3,7",9+,Strateji,ONEMT,TR
https://apps.apple.com/tr/app/hay-day/id506627515?l=tr,"4,6",9+,Simülasyon,Supercell,TR
https://apps.apple.com/tr/app/avatar-world/id1635318586?l=tr,"4,6",4+,RYO,Pazu Games Ltd,EN
https://apps.apple.com/tr/app/league-of-legends-wild-rift/id1480616990?l=tr,"4,0",13+,Aksiyon,Riot Games,TR
https://apps.apple.com/tr/app/last-war-survival/id6448786147?l=tr,"4,7",13+,Strateji,FUNFLY PTE. LTD.,DE
https://apps.apple.com/tr/app/honor-of-kings/id1619254071?l=tr,"4,6",13+,Aksiyon,Level Infinite,TR
https://apps.apple.com/tr/app/tavla-plus-backgammon-plus/id1619948547?l=tr,"4,2",13+,Masa,Zynga Inc.,TR
https://apps.apple.com/tr/app/toptop-oyunlar-ve-sohbet/id1475867504?l=tr,"4,5",18+,Masa,MX INNOVATION PTE. LTD.,TR
https://apps.apple.com/tr/app/rise-of-kingdoms/id1354260888?l=tr,"4,3",9+,Strateji,Lilith Games,TR
https://apps.apple.com/tr/app/mobile-legends-bang-bang/id1160056295?l=tr,"4,4",13+,Aksiyon,MOONTON,TR
https://apps.apple.com/tr/app/castlevania-sotn/id1435456830?l=tr,"3,5",4+,Aksiyon,KONAMI,DE
https://apps.apple.com/tr/app/hyper-light-drifter/id1453875289?l=tr,"4,7",13+,Macera,Abylight S.L.,TR
https://apps.apple.com/tr/app/luck-be-a-landlord/id6450724928?l=tr,"5,0",13+,Strateji,TrampolineTales,TR
https://apps.apple.com/tr/app/kingdom-two-crowns/id1477991646?l=tr,"4,6",9+,Simülasyon,Raw Fury,EN
https://apps.apple.com/tr/app/scourgebringer/id1552864378?l=tr,"5,0",13+,Aksiyon,Plug In Digital,DE
https://apps.apple.com/tr/app/turnip-boy-commits-tax-evasion/id1609390613?l=tr,"4,4",4+,Macera,Plug In Digital,DE
https://apps.apple.com/tr/app/a-tiny-sticker-tale/id1668930992?l=tr,N/A,4+,Macera,Esteban Duran,DE
https://apps.apple.com/tr/app/squad-busters/id1668983788?l=tr,"4,4",9+,Aksiyon,Supercell,TR
https://apps.apple.com/tr/app/the-pathless/id6469709725?l=tr,N/A,9+,Macera,Annapurna Interactive,TR
https://apps.apple.com/tr/app/resident-evil-4/id6462360082?l=tr,"3,6",18+,Aksiyon,CAPCOM,DE
https://apps.apple.com/tr/app/gubbins-its-a-word-game/id1551894081?l=tr,"4,7",9+,Kelime,Studio Folly Pty Ltd,EN
https://apps.apple.com/tr/app/yes-your-grace/id6468678719?l=tr,"4,6",13+,RYO,Noodlecake,DE
https://apps.apple.com/tr/app/unpacking/id6450058135?l=tr,"4,7",4+,Basit Eğlence,Humble Bundle,TR
https://apps.apple.com/tr/app/crashlands-2/id1528199331?l=tr,"4,7",9+,Macera,"Butterscotch Shenanigans, Inc.",DE
https://apps.apple.com/tr/app/grid-legends-deluxe-edition/id6444311205?l=tr,"4,3",4+,Yarış,Feral Interactive Ltd,DE
https://apps.apple.com/tr/app/dead-cells/id1389752090?l=tr,"4,7",13+,Aksiyon,Playdigious,TR
https://apps.apple.com/tr/app/gris/id1445379072?l=tr,"4,6",4+,Macera,Devolver,DE
https://apps.apple.com/tr/app/fez-pocket-edition/id1209489068?l=tr,"5,0",9+,Macera,Polytron Inc.,EN
https://apps.apple.com/tr/app/cassette-beasts/id6736517805?l=tr,"3,3",9+,RYO,Raw Fury,DE
https://apps.apple.com/tr/app/mutazione/id6642644622?l=tr,"5,0",13+,Macera,Akupara Games,TR
https://apps.apple.com/tr/app/a-little-to-the-left-stars/id6738784151?l=tr,"4,7",9+,Bulmaca,Secret Mode,EN
https://apps.apple.com/tr/app/threes/id779157948?l=tr,"4,2",4+,Bulmaca,Sirvo LLC,DE
https://apps.apple.com/tr/app/oceanhorn-chronos-dungeon/id6503340644?l=tr,"5,0",9+,Aksiyon,FDG Entertainment GmbH & Co.KG,TR
https://apps.apple.com/tr/app/true-fear-forsaken-souls-3/id6739542146?l=tr,"4,6",9+,Macera,Digital Lounge,TR
https://apps.apple.com/tr/app/goat-simulator-3-multiverse/id6612033628?l=tr,"4,5",13+,Aksiyon,Coffee Stain Publishing,EN
https://apps.apple.com/tr/app/a-game-about-digging-a-hole/id6744608603?l=tr,"3,7",9+,Basit Eğlence,Headup GmbH,DE
https://apps.apple.com/tr/app/wargroove-2-pocket-edition/id6479699074?l=tr,"3,0",9+,Strateji,Chucklefish Limited,DE
https://apps.apple.com/tr/app/tabs-pocket-edition/id6743115658?l=tr,"4,3",13+,Simülasyon,Landfall Games,ZH
https://apps.apple.com/tr/app/mumrik-snufkin/id6741589066?l=tr,"4,7",4+,Macera,Snapbreak Games,EN
https://apps.apple.com/tr/app/growbot-mobile/id1664730944?l=tr,N/A,4+,Macera,Application Systems Heidelberg Software GmbH,DE
https://apps.apple.com/tr/app/enter-the-gungeon/id1100429641?l=tr,"4,2",13+,Aksiyon,Devolver,EN
https://apps.apple.com/tr/app/exit-the-gungeon/id6504852864?l=tr,N/A,N/A,N/A,N/A,N/A
https://apps.apple.com/tr/app/crossy-road/id924373886?l=tr,"4,6",9+,Basit Eğlence,HIPSTER WHALE,DE
https://apps.apple.com/tr/app/pako-highway/id1640030728?l=tr,"4,4",13+,Yarış,Tree Men Games,EN
https://apps.apple.com/tr/app/build-a-bridge/id1165289168?l=tr,"4,5",13+,Bulmaca,"BoomBit, Inc.",TR
https://apps.apple.com/tr/app/bacon-the-game/id1413085106?l=tr,"4,7",13+,Basit Eğlence,Philipp Stollenmayer,TR
https://apps.apple.com/tr/app/scrap-divers/id1581680664?l=tr,"4,3",9+,Aksiyon,Gearhead Games ApS,EN
https://apps.apple.com/tr/app/marvel-%C5%9Fampiyonlar-turnuvas%C4%B1/id896112560?l=tr,"4,5",13+,Aksiyon,"Kabam Games, Inc.",TR
https://apps.apple.com/tr/app/bay-trafik/id1524518584?l=tr,"4,4",4+,Basit Eğlence,:DUMPLING design,DE
https://apps.apple.com/tr/app/o-void/id6449623550?l=tr,"4,2",4+,Aksiyon,Gearhead Games ApS,EN
https://apps.apple.com/tr/app/endling/id1625083646?l=tr,"4,8",13+,Macera,HandyGames,TR
https://apps.apple.com/tr/app/motorsport-manager-4/id6449251957?l=tr,"4,0",13+,Yarış,Playsport Games Ltd,DE
https://apps.apple.com/tr/app/plants-vs-zombies-2/id597986893?l=tr,"4,6",13+,Macera,PopCap,DE
https://apps.apple.com/tr/app/streets-of-rage-4/id1601446687?l=tr,"4,7",13+,Aksiyon,Playdigious,N/A
https://apps.apple.com/tr/app/drive/id1366180154?l=tr,"4,6",4+,Yarış,Pixel Perfect Dude S.A.,EN
https://apps.apple.com/tr/app/saily-seas/id1313566389?l=tr,"4,5",4+,Basit Eğlence,ImpactBlue Studios Pty Ltd,DE
https://apps.apple.com/tr/app/hungry-shark-evolution/id535500008?l=tr,"4,5",13+,Basit Eğlence,Ubisoft,TR
https://apps.apple.com/tr/app/egg-inc/id993492744?l=tr,"4,7",13+,Simülasyon,"Auxbrain, Inc.",EN
https://apps.apple.com/tr/app/pines-peak-e%C5%9Fle%C5%9Ftirme-oyunu/id6743472188?l=tr,"4,8",13+,Bulmaca,VIZOR APPS LTD,ZH
https://apps.apple.com/tr/app/flamb%C3%A9-merge-and-cook/id6618142292?l=tr,"4,6",9+,Bulmaca,Microfun Limited,DE
https://apps.apple.com/tr/app/tetris-block-party/id6569243702?l=tr,"4,6",9+,Bulmaca,PlayStudios,EN
https://apps.apple.com/tr/app/art-of-flora-cozy-puzzles/id6743834964?l=tr,"4,9",4+,Bulmaca,Klemens Strasser,DE
https://apps.apple.com/tr/app/subway-surfers-city/id6504188939?l=tr,"4,7",9+,Aksiyon,Sybo Games ApS,TR
https://apps.apple.com/tr/app/kingdom-rush-battles-td-oyunu/id6746510979?l=tr,"4,6",9+,Strateji,Ironhide S.A.,TR
https://apps.apple.com/tr/app/archero-2/id6502820653?l=tr,"4,5",9+,Aksiyon,HABBY,ZH
https://apps.apple.com/tr/app/retrorapid/id6758641625?l=tr,N/A,4+,Yarış,Daniel Devesa Derksen-Staats,CA
https://apps.apple.com/tr/app/dc-dark-legion/id6479020757?l=tr,"4,8",13+,Strateji,FunPlus International AG,TR
https://apps.apple.com/tr/app/truck-star/id6476976929?l=tr,"4,7",9+,Bulmaca,Century Games Pte. Ltd.,TR
https://apps.apple.com/tr/app/tasty-travels-merge-game/id6471045672?l=tr,"4,3",9+,Basit Eğlence,Century Games Pte. Ltd.,TR
https://apps.apple.com/tr/app/invincible-guarding-the-globe/id6449294809?l=tr,"4,3",18+,RYO,Ubisoft,TR
https://apps.apple.com/tr/app/viking-rise/id6443577184?l=tr,"4,7",13+,Strateji,IGG SINGAPORE PTE. LTD.,TR
https://apps.apple.com/tr/app/heroes-vs-hordes-survival-rpg/id1608898173?l=tr,"4,9",13+,Aksiyon,Swift Games GmbH,TR
https://apps.apple.com/tr/app/call-of-antia-match-3-rpg/id1583719419?l=tr,"4,4",9+,RYO,FunPlus International AG,TR
https://apps.apple.com/tr/app/kediler-ve-%C3%A7orba-rahatla/id1581431235?l=tr,"4,8",4+,Simülasyon,NEOWIZ,TR
https://apps.apple.com/tr/app/project-drift-2-0/id1575362673?l=tr,"4,7",13+,Yarış,BYCODEC TEKNOLOJI,DE
https://apps.apple.com/tr/app/wings-of-heroes-u%C3%A7u%C5%9F-oyunlar%C4%B1/id1528146941?l=tr,"4,6",13+,Simülasyon,RORTOS SRL,TR
https://apps.apple.com/tr/app/monopoly/id1477966166?l=tr,"4,3",4+,Masa,Marmalade Game Studio,DE
https://apps.apple.com/tr/app/goodville-%C3%A7iftlik-oyunu/id1459249040?l=tr,"4,5",13+,Macera,Goodville AG,DE
https://apps.apple.com/tr/app/rfs-real-flight-simulator/id1444761746?l=tr,"4,3",4+,Simülasyon,RORTOS SRL,TR
https://apps.apple.com/tr/app/lilys-garden-g%C3%BCzel-bah%C3%A7e/id1437783446?l=tr,"4,6",9+,Bulmaca,Tactile Games ApS,TR
https://apps.apple.com/tr/app/raid-shadow-legends/id1371565796?l=tr,"4,6",13+,RYO,Plarium Global Ltd,TR
https://apps.apple.com/tr/app/tenis-clash-%C5%9Fampiyon-oyunlar/id1346179411?l=tr,"4,6",13+,Spor,Wildlife Studios,TR
https://apps.apple.com/tr/app/uno/id1344700142?l=tr,"4,5",4+,Kart,Mattel163 Limited,DE
https://apps.apple.com/tr/app/captain-tsubasa-dream-team/id1293738123?l=tr,"4,0",9+,Spor,KLab Inc.,DE
https://apps.apple.com/tr/app/warhammer-combat-cards/id1292253802?l=tr,"4,3",13+,Kart,Flaregames GmbH,DE
https://apps.apple.com/tr/app/last-day-on-earth-survival/id1241932094?l=tr,"4,2",16+,Aksiyon,Kefir,TR
https://apps.apple.com/tr/app/homescapes-match-3-games/id1195621598?l=tr,"4,5",13+,Bulmaca,Playrix,DE
https://apps.apple.com/tr/app/age-of-magic-s%C4%B1ra-tabanl%C4%B1-rpg/id1175370741?l=tr,"4,6",13+,RYO,Playkot Limited,TR
https://apps.apple.com/tr/app/match-masters/id1138264921?l=tr,"4,5",9+,Bulmaca,Candivore LTD,EN
https://apps.apple.com/tr/app/lords-mobile-krall%C4%B1k-sava%C5%9F%C4%B1/id1071976327?l=tr,"4,3",9+,Strateji,IGG SINGAPORE PTE. LTD.,TR
https://apps.apple.com/tr/app/top-drives-car-race-battles/id1069370674?l=tr,"4,5",9+,Strateji,Hutch Games Ltd,DE
https://apps.apple.com/tr/app/alliance-hava-sava%C5%9F/id1059604202?l=tr,"4,4",13+,Aksiyon,Art of the State LLC,TR
https://apps.apple.com/tr/app/zombie-gunship-survival/id1019161597?l=tr,"4,7",13+,Aksiyon,Flaregames GmbH,TR
https://apps.apple.com/tr/app/bus-simulator-evo/id959865119?l=tr,"4,5",13+,Yarış,Alexandru Marusac,EN
https://apps.apple.com/tr/app/star-wars-galaxy-of-heroes/id921022358?l=tr,"4,5",13+,RYO,Electronic Arts,TR
https://apps.apple.com/tr/app/two-dots-g%C3%BCzel-zek%C3%A2-oyunu/id880178264?l=tr,"4,5",9+,Bulmaca,"Playdots, Inc.",TR
https://apps.apple.com/tr/app/top-eleven-futbol-menajeri/id459035295?l=tr,"4,7",9+,Spor,Nordeus,TR
https://apps.apple.com/tr/app/satran%C3%A7-oyna-ve-%C3%B6%C4%9Fren/id329218549?l=tr,"4,7",4+,Strateji,Chess.com,TR
https://apps.apple.com/tr/app/yalla-ludo-ludo-jackaroo/id1419536376?l=tr,"4,2",13+,Masa,Yalla Technology FZ-LLC,AR
https://apps.apple.com/tr/app/ludo-star/id1198143062?l=tr,"4,5",4+,Masa,Gameberry Labs,EN
https://apps.apple.com/tr/app/%C3%A7anak-okey-plus/id808762868?l=tr,"4,7",13+,Masa,Zynga Inc.,TR
https://apps.apple.com/tr/app/risk-global-hakimiyet/id1051334048?l=tr,"4,6",9+,Masa,SMG Studio,TR
https://apps.apple.com/tr/app/scrabble-go-kelime-oyunu/id1215933788?l=tr,"4,5",9+,Kelime,"Scopely, Inc.",TR
https://apps.apple.com/tr/app/okey-plus/id480951901?l=tr,"4,8",13+,Masa,Zynga Inc.,TR
https://apps.apple.com/tr/app/catan-universe/id1220346113?l=tr,"3,6",9+,Masa,USM,DE
https://apps.apple.com/tr/app/yahtzee-with-buddies-dice/id1206967173?l=tr,"4,4",9+,Masa,"Scopely, Inc.",TR
https://apps.apple.com/tr/app/monopoly-solitaire-card-games/id1536804215?l=tr,"4,7",4+,Kart,MobilityWare,DE
https://apps.apple.com/tr/app/words-with-friends-word-game/id1196764367?l=tr,"4,3",4+,Kelime,Zynga Inc.,DE
https://apps.apple.com/tr/app/mahjong-treasure-quest-oyunu/id1098189387?l=tr,"4,6",13+,Masa,VIZOR APPS LTD,DE
https://apps.apple.com/tr/app/rummy-club/id1369221126?l=tr,"4,8",18+,Masa,Ahoy Games,EN
https://apps.apple.com/tr/app/mahjong-journey/id938207958?l=tr,"4,6",4+,Masa,G5 Entertainment AB,DE
https://apps.apple.com/tr/app/mahjong-city-tours-tile-match/id1217925171?l=tr,"4,8",9+,Masa,"Jam City, Inc.",TR
https://apps.apple.com/tr/app/the-castles-of-burgundy/id1410742242?l=tr,"3,0",4+,Masa,DIGIDICED,DE
https://apps.apple.com/tr/app/sagrada/id1439244077?l=tr,"3,0",4+,Basit Eğlence,Dire Wolf Digital,DE
https://apps.apple.com/tr/app/a-game-of-thrones-board-game/id1483771411?l=tr,N/A,9+,Masa,Twin Sails Interactive,DE
https://apps.apple.com/tr/app/twilight-struggle/id942766453?l=tr&platform=iphone,"5,0",13+,Strateji,"Playdek, Inc.",EN
https://apps.apple.com/tr/app/antihero-digital-board-game/id1265355382?l=tr,"5,0",13+,Strateji,Versus Evil,DE
https://apps.apple.com/tr/app/cottage-garden/id1267856477?l=tr,N/A,4+,Masa,DIGIDICED,DE
https://apps.apple.com/tr/app/explorers-the-game/id1576503781?l=tr,N/A,4+,Masa,BrettspielWelt,EN
https://apps.apple.com/tr/app/reiner-knizia-yellow-yangtze/id1439244350?l=tr,"4,0",9+,Masa,Dire Wolf Digital,DE
https://apps.apple.com/tr/app/the-game-of-life-2/id1512751689?l=tr,"4,7",4+,Masa,Marmalade Game Studio,DE
https://apps.apple.com/tr/app/carrom-disc-pool/id1420551478?l=tr,"4,5",13+,Spor,Miniclip.com,TR
https://apps.apple.com/tr/app/cluedo-classic-edition/id1238247658?l=tr,"4,7",13+,Masa,Marmalade Game Studio,DE
https://apps.apple.com/tr/app/dama-m%C3%BCcadelesi-dama-oyunu/id1619076559?l=tr,"4,7",9+,Masa,Miniclip.com,TR
https://apps.apple.com/tr/app/the-game-of-life/id1117405948?l=tr,"4,8",4+,Masa,Marmalade Game Studio,EN
https://apps.apple.com/tr/app/tilez-e%C4%9Flenceli-aile-oyunu/id1665453885?l=tr,"3,0",4+,Basit Eğlence,Beach Bum Ltd,EN
https://apps.apple.com/tr/app/carcassonne-tiles-tactics/id1199912736?l=tr,N/A,N/A,N/A,N/A,N/A
https://apps.apple.com/tr/app/two-spies/id1466304408?l=tr,"4,7",9+,Strateji,Royal Pixel Service,EN
https://apps.apple.com/tr/app/legends-of-andor/id1436700869?l=tr,"5,0",9+,Masa,USM,EN
https://apps.apple.com/tr/app/battleship/id1336026283?l=tr,"3,1",9+,Strateji,Marmalade Game Studio,DE
https://apps.apple.com/tr/app/everdell/id1580626436?l=tr,"5,0",4+,Kart,Dire Wolf Digital,DE
https://apps.apple.com/tr/app/ancient-board-game-collection/id1510226148?l=tr,"4,5",4+,Masa,Klemens Strasser,DE
https://apps.apple.com/tr/app/evolution-board-game/id1112610493?l=tr,"4,9",9+,Masa,North Star Digital Games,DE
https://apps.apple.com/tr/app/cartographers/id1515991485?l=tr,"3,5",13+,Masa,BrettspielWelt,EN
https://apps.apple.com/tr/app/scythe-digital-edition/id1482645966?l=tr,"3,0",9+,Masa,The Knights of Unity,TR
https://apps.apple.com/tr/app/piccolo-othello/id1561230039?l=tr,"4,7",4+,Masa,Symbolic Software,TR
https://apps.apple.com/tr/app/dicey-elementalist/id1494424699?l=tr,"4,9",4+,RYO,兆万 林,DE
https://apps.apple.com/tr/app/triple-agent/id1247445624?l=tr,"4,4",4+,Masa,Tasty Rook,EN
https://apps.apple.com/tr/app/through-the-ages/id966245474?l=tr,"4,8",13+,Masa,CGE Digital s.r.o.,EN
https://apps.apple.com/tr/app/cluedo/id6447306697?l=tr,"4,9",13+,Masa,Marmalade Game Studio,EN
https://apps.apple.com/tr/app/mortal-kombat/id949701151?l=tr,"4,2",18+,Aksiyon,Warner Bros.,DE
https://apps.apple.com/tr/app/brawlhalla/id1491520571?l=tr,"3,8",13+,Basit Eğlence,Ubisoft,DE
https://apps.apple.com/tr/app/marvel-strike-force-squad-rpg/id1292952049?l=tr,"4,4",13+,Aksiyon,"Scopely, Inc.",TR
https://apps.apple.com/tr/app/genshin-impact/id1517783697?l=tr,"4,0",13+,RYO,COGNOSPHERE PTE. LTD.,TR
https://apps.apple.com/tr/app/clusterduck/id1531250914?l=tr,"4,8",4+,Basit Eğlence,PikPok,TR
https://apps.apple.com/tr/app/hearthstone/id625257520?l=tr,"4,3",13+,Strateji,"Blizzard Entertainment, Inc.",DE
https://apps.apple.com/tr/app/tft-teamfight-tactics/id1480616748?l=tr,"4,1",13+,Strateji,Riot Games,TR
https://apps.apple.com/tr/app/evertale/id1263365153?l=tr,"4,7",13+,RYO,ZigZaGame Inc.,JA
https://apps.apple.com/tr/app/kill-it-with-fire/id1538981203?l=tr,"3,3",13+,Aksiyon,tinyBuild LLC,EN
https://apps.apple.com/tr/app/knighthood/id1458762050?l=tr,"4,5",9+,RYO,RPG RAID ROLEPLAYING GAMES LTD,DE
https://apps.apple.com/tr/app/rec-room-play-with-friends/id1450306065?l=tr,"4,5",9+,Macera,Rec Room Inc,EN
https://apps.apple.com/tr/app/harry-potter-hogwarts-mystery/id1333256716?l=tr,"4,3",13+,Macera,"Jam City, Inc.",TR
https://apps.apple.com/tr/app/simcity-buildit/id913292932?l=tr,"3,7",9+,Simülasyon,Electronic Arts,TR
https://apps.apple.com/tr/app/disney-emoji-blitz-game/id1017551780?l=tr,"4,5",9+,Bulmaca,"Jam City, Inc.",DE
https://apps.apple.com/tr/app/nba-2k-mobile-basketball-game/id1252850847?l=tr,"4,5",13+,Spor,2K,EN
https://apps.apple.com/tr/app/disney-magic-kingdoms/id731592936?l=tr,"4,2",9+,Simülasyon,Gameloft,DE
https://apps.apple.com/tr/app/afk-arena/id1375425432?l=tr,"4,7",9+,Strateji,Lilith Games,TR
https://apps.apple.com/tr/app/harry-potter-bulmaca-ve-b%C3%BCy%C3%BC/id1434505322?l=tr,"4,8",9+,Bulmaca,Zynga Inc.,TR
https://apps.apple.com/tr/app/grand-mountain-adventure/id1468010739?l=tr,"4,0",9+,Spor,Toppluva AB,EN
https://apps.apple.com/tr/app/disney-pop-town-match-3-games/id1529504654?l=tr,"4,8",9+,Bulmaca,"Wemade Play Co.,Ltd.",DE
https://apps.apple.com/tr/app/golf-blitz/id1413826211?l=tr,"4,5",9+,Aksiyon,Noodlecake,DE
https://apps.apple.com/tr/app/tinyboptan-sonsuz-arcade/id1095694895?l=tr,"5,0",4+,Eğitim,Tinybop Inc.,TR
https://apps.apple.com/tr/app/heads-up-charades-for-kids/id937976391?l=tr,"4,7",4+,Kelime,Warner Bros.,EN
https://apps.apple.com/tr/app/atomic-hangman-jr/id1064989970?l=tr,N/A,9+,Eğitim,"Little Bit Studio, LLC",EN
https://apps.apple.com/tr/app/dr-panda-i-tfaiyecileri/id1023681711?l=tr,"3,2",4+,Eğitim,Dr. Panda Ltd,TR
https://apps.apple.com/tr/app/the-orchard-by-haba/id1135867247?l=tr,"4,8",4+,Aile,Fox and Sheep GmbH,TR
https://apps.apple.com/tr/app/minik-kedicik-app-3/id1171095810?l=tr,"4,3",4+,Eğlence,Squeakosaurus ug & co. kg,TR
https://apps.apple.com/tr/app/hey-duggee-the-big-outdoor-app/id1098209037?l=tr,N/A,4+,Eğlence,BBC Studios Distribution Ltd.,EN
https://apps.apple.com/tr/app/hoopa-city-2/id1116026071?l=tr,"4,8",4+,Eğitim,Dr. Panda Ltd,ZH
https://apps.apple.com/tr/app/everrun-at-muhaf%C4%B1zlar/id1113619083?l=tr,"4,5",4+,Eğlence,Budge Studios,DE
https://apps.apple.com/tr/app/train-kit/id1085105198?l=tr,"4,9",4+,Eğitim,Phd Apps LLC,DE
https://apps.apple.com/tr/app/blaze-the-monster-machines/id907210971?l=tr,"5,0",4+,Eğitim,Nickelodeon,EN
https://apps.apple.com/tr/app/smashing-grammar/id1003545554?l=tr,N/A,4+,Eğitim,Fairlady Media,EN
https://apps.apple.com/tr/app/golf-clash/id1089225191?l=tr,"4,6",13+,Spor,Electronic Arts,TR
https://apps.apple.com/tr/app/asphalt-legends/id805603214?l=tr,"4,7",13+,Yarış,Gameloft,TR
https://apps.apple.com/tr/app/8-ball-pool/id543186831?l=tr,N/A,N/A,N/A,N/A,N/A
https://apps.apple.com/tr/app/snake-rivals-io-snakes-games/id1440185894?l=tr,"4,5",9+,Aksiyon,Supersolid Ltd,DE
https://apps.apple.com/tr/app/among-us/id1351168404?l=tr,"3,8",9+,Aksiyon,InnerSloth LLC,TR
https://apps.apple.com/tr/app/clash-of-clans/id529479190?l=tr,"4,5",13+,Strateji,Supercell,TR
https://apps.apple.com/tr/app/call-of-duty-mobile/id1287282214?l=tr,"4,4",18+,Aksiyon,"Activision Publishing, Inc.",TR
https://apps.apple.com/tr/app/stumble-guys/id1541153375?l=tr,"4,4",9+,Aksiyon,"Scopely, Inc.",TR
https://apps.apple.com/tr/app/geoguessr/id1049876497?l=tr,"4,3",13+,Soru Cevap,GeoGuessr AB,TR
https://apps.apple.com/tr/app/warcraft-rumble/id1600575058?l=tr,"4,7",9+,Strateji,"Blizzard Entertainment, Inc.",TR
https://apps.apple.com/tr/app/zooba-hayvan-sava%C5%9F-oyunlar%C4%B1/id1459402952?l=tr,"4,5",13+,Aksiyon,Wildlife Studios,TR
https://apps.apple.com/tr/app/pok%C3%A9mon-unite/id1512321575?l=tr,"4,7",4+,Aksiyon,The Pokemon Company,TR
https://apps.apple.com/tr/app/mario-kart-tour/id1293634699?l=tr,"4,0",4+,Aksiyon,"Nintendo Co., Ltd.",DE
https://apps.apple.com/tr/app/slither-io/id1091944550?l=tr,"3,2",4+,Aksiyon,Lowtech Studios LLC,TR
https://apps.apple.com/tr/app/free-fire-su-alt%C4%B1-gizemi/id1300146617?l=tr,"4,1",13+,Aksiyon,GARENA INTERNATIONAL I PRIVATE LIMITED,TR
https://apps.apple.com/tr/app/secret-neighbor/id1485216341?l=tr,"3,8",9+,Aksiyon,tinyBuild LLC,TR
https://apps.apple.com/tr/app/torchlight-infinite/id1593130084?l=tr,"4,6",13+,Aksiyon,XD Entertainment Pte Ltd,DE
https://apps.apple.com/tr/app/legends-of-runeterra/id1480617557?l=tr,"4,4",13+,Strateji,Riot Games,TR
https://apps.apple.com/tr/app/assassins-creed-mirage/id6472704261?l=tr,"3,8",18+,Aksiyon,Ubisoft,DE
https://apps.apple.com/tr/app/garena-delta-force/id6670604287?l=tr,"4,7",13+,Aksiyon,Garena Mobile Games Private Ltd.,TR
https://apps.apple.com/tr/app/age-of-empires-mobile/id6476261995?l=tr,"4,1",9+,Strateji,Level Infinite,TR
https://apps.apple.com/tr/app/sudoku-com-mant%C4%B1k-oyunu/id1193508329?l=tr,"4,7",13+,Masa,Easybrain Ltd,TR
https://apps.apple.com/tr/app/benim-konu%C5%9Fan-tomum/id657500465?l=tr,"4,3",4+,Simülasyon,Outfit7 Limited,TR
https://apps.apple.com/tr/app/the-sims-freeplay/id466966101?l=tr,"4,0",13+,Simülasyon,Electronic Arts,DE
https://apps.apple.com/tr/app/monopoly-go/id1621328561?l=tr,"4,7",9+,Masa,"Scopely, Inc.",TR
https://apps.apple.com/tr/app/one-piece-bounty-rush/id1343688545?l=tr,"4,6",13+,Aksiyon,Bandai Namco Entertainment Inc.,AR
https://apps.apple.com/tr/app/sonic-dash-ko%C5%9Fma-oyunu-run/id582654048?l=tr,"4,4",4+,Basit Eğlence,SEGA,DE
https://apps.apple.com/tr/app/hello-neighbor/id1386358600?l=tr,"3,6",9+,Macera,tinyBuild LLC,EN
https://apps.apple.com/tr/app/pok%C3%A9mon-tcg-pocket/id6479970832?l=tr,"4,7",9+,Kart,The Pokemon Company,DE
https://apps.apple.com/tr/app/candy-crush-saga/id553834731?l=tr,"4,6",13+,Bulmaca,King,TR
https://apps.apple.com/tr/app/pok%C3%A9mon-go/id1094591345?l=tr,"3,8",9+,RYO,"Niantic, Inc.",TR
https://apps.apple.com/tr/app/dragon-ball-legends/id1358222641?l=tr,"4,6",13+,Aksiyon,Bandai Namco Entertainment Inc.,DE
https://apps.apple.com/tr/app/angry-birds-2/id880047117?l=tr,"4,6",9+,Bulmaca,Rovio Entertainment Oyj,TR
https://apps.apple.com/tr/app/tetris/id1491074310?l=tr,"4,3",4+,Bulmaca,PlayStudios,DE
https://apps.apple.com/tr/app/fallout-shelter/id991153141?l=tr,"4,7",13+,Simülasyon,Bethesda,DE
