oyun_adi,puan,fiyat,yas_siniri,guncellenme_tarihi,indirilme_sayisi,tur_adi,URL
Brawl Stars,"4,2",0,7,20 Mayıs 2026,,"Aksiyon, Nişancı, Taktiğe dayalı nişancı",https://play.google.com/store/apps/details?id=com.supercell.brawlstars
PUBG MOBILE,"4,5",0,12,14 Mayıs 2026,,"Aksiyon, Nişancı, Taktiğe dayalı nişancı",https://play.google.com/store/apps/details?id=com.tencent.ig
eFootball™,"4,3",0,3,19 Mayıs 2026,,"Spor, Futbol",https://play.google.com/store/apps/details?id=jp.konami.pesam
EA SPORTS FC™ Mobile Futbol 26,"4,5",0,3,18 Mayıs 2026,,"Spor, Futbol",https://play.google.com/store/apps/details?id=com.ea.gp.fifamobile
Candy Crush Saga,"4,5",0,3,14 Mayıs 2026,,"Bulmaca, Üçlü Eşleme, Basit",https://play.google.com/store/apps/details?id=com.king.candycrushsaga
Toca Boca World,"4,3",0,3,3 Nisan 2026,,"Simülasyon, Yaşam",https://play.google.com/store/apps/details?id=com.tocaboca.tocalifeworld
101 Yüzbir Okey Plus,"4,4",0,12,7 Mayıs 2026,,"Masa, Soyut strateji, Basit",https://play.google.com/store/apps/details?id=net.peakgames.Yuzbir
Mobile Legends: Bang Bang,"4,0",0,12,21 Mayıs 2026,,"Strateji, MOBA",https://play.google.com/store/apps/details?id=com.mobile.legends
Free Fire: Su Altı Gizemi,"4,6",0,12,8 Nisan 2026,,"Aksiyon, Nişancı, Taktiğe dayalı nişancı",https://play.google.com/store/apps/details?id=com.dts.freefireth
Dream League Soccer 2026,"4,0",0,3,Dream League Soccer 2026,,"Spor, Futbol, Basit",https://play.google.com/store/apps/details?id=com.firsttouchgames.dls7
Kafa Topu 2 - Online Futbol,"4,5",0,3,5 Mayıs 2026,,"Spor, Futbol, Arcade",https://play.google.com/store/apps/details?id=com.masomo.headball2
8 Ball Pool,"4,7",0,3,3 Nisan 2026,,"Spor, Bilardo, Basit",https://play.google.com/store/apps/details?id=com.miniclip.eightballpool
Standoff 2,"4,7",0,12,1 Mayıs 2026,,"Aksiyon, Nişancı, Taktiğe dayalı nişancı",https://play.google.com/store/apps/details?id=com.axlebolt.standoff2
Clash of Clans,"4,5",0,7,17 Mayıs 2026,,"Strateji, Şehir kurma ve savaş, Basit",https://play.google.com/store/apps/details?id=com.supercell.clashofclans
Royal Match,"4,5",0,3,8 Mayıs 2026,,"Bulmaca, Üçlü Eşleme, Üçlü eşleştirme macerası, Basit",https://play.google.com/store/apps/details?id=com.dreamgames.royalmatch
Township,"4,8",0,3,16 Mayıs 2026,,"Simülasyon, Yönetim, Çiftçilik, Basit",https://play.google.com/store/apps/details?id=com.playrix.township
Gardenscapes,"4,7",0,3,19 Mayıs 2026,,"Bulmaca, Üçlü Eşleme, Üçlü eşleştirme macerası, Basit",https://play.google.com/store/apps/details?id=com.playrix.gardenscapes
OSM 25/26 - Futbol oyunu,"4,7",0,3,29 Nisan 2026,,"Spor, Koçluk, Basit",https://play.google.com/store/apps/details?id=com.gamebasics.osm
Free Fire MAX,"4,6",0,12,8 Nisan 2026,,"Aksiyon, Nişancı, Taktiğe dayalı nişancı",https://play.google.com/store/apps/details?id=com.dts.freefiremax
Travel Town - Macera Birleşimi,"4,1",0,3,11 Mayıs 2026,,"Bulmaca, Birleştirme",https://play.google.com/store/apps/details?id=io.randomco.travel
Lords Mobile: Krallık Savaşı,"4,3",0,7,16 Mayıs 2026,,"Strateji, 4X",https://play.google.com/store/apps/details?id=com.igg.android.lordsmobile
Call of Duty®: Mobile,"4,1",0,16,3 Mayıs 2026,,"Aksiyon, Nişancı, Taktiğe dayalı nişancı",https://play.google.com/store/apps/details?id=com.activision.callofduty.shooter
MentalUP Eğitici Zeka Oyunları,"4,4",0,3,16 Nisan 2026,,"Bulmaca, Zeka oyunu, Zeka eğitimi, Basit",https://play.google.com/store/apps/details?id=com.ayasis.mentalup
Top Eleven: Futbol Menajeri,"4,5",0,3,15 Mayıs 2026,,"Spor, Koçluk, Basit",https://play.google.com/store/apps/details?id=eu.nordeus.topeleven.android
"Jawaker Hand, Tarneeb & Trix","4,7",0,16,19 Nisan 2026,,"Masa, Soyut strateji, Satranç",https://play.google.com/store/apps/details?id=com.boundless.jawaker
League of Legends: Wild Rift,"3,2",0,12,8 Mayıs 2026,,"Strateji, MOBA",https://play.google.com/store/apps/details?id=com.riotgames.league.wildrift
Total Battle: Strateji Oyunu,"4,3",0,7,3 Mayıs 2026,,"Strateji, 4X",https://play.google.com/store/apps/details?id=com.totalbattle
Minecraft,"4,4","300,00",7,6 Mayıs 2026,,"Simülasyon, Sandbox, Basit",https://play.google.com/store/apps/details?id=com.mojang.minecraftpe
Rise of Kingdoms: Lost Crusade,"4,5",0,18,19 Mayıs 2026,,"Strateji, 4X",https://play.google.com/store/apps/details?id=com.lilithgame.roc.gp
War Robots PvP Multiplayer,"4,3",0,12,16 Mayıs 2026,,"Aksiyon, Nişancı, Araçlı savaş",https://play.google.com/store/apps/details?id=com.pixonic.wwr
Pokémon GO,"3,4",0,7,21 Mayıs 2026,,"Aksiyon, Aksiyon-macera, Basit",https://play.google.com/store/apps/details?id=com.nianticlabs.pokemongo
Top War: Battle Game,"4,1",0,3,10 Nisan 2026,,"Strateji, 4X",https://play.google.com/store/apps/details?id=com.topwar.gp
Genshin Impact,"2,6",0,12,20 Mayıs 2026,,"Rol Yapma, Aksiyon Rol Yapma",https://play.google.com/store/apps/details?id=com.miHoYo.GenshinImpact
Grand Theft Auto: San Andreas,"4,3","29,99",18,4 Şubat 2026,,"Aksiyon, Aksiyon-macera",https://play.google.com/store/apps/details?id=com.rockstargames.gtasa
Match Masters,"4,5",0,3,6 Mayıs 2026,,"Bulmaca, Üçlü Eşleme, Basit",https://play.google.com/store/apps/details?id=com.funtomic.matchmasters
Puzzles & Survival,"4,5",0,12,22 Mart 2026,,"Strateji, 4X",https://play.google.com/store/apps/details?id=com.global.ztmslg
Warpath: Ace Shooter,"4,1",0,16,18 Mayıs 2026,,"Strateji, 4X",https://play.google.com/store/apps/details?id=com.wondergames.warpath.gp
RFS - Real Flight Simulator,"4,2","2,99",3,2 Mayıs 2026,,"Simülasyon, Araç, Uçuş, Basit",https://play.google.com/store/apps/details?id=it.rortos.realflightsimulator
Family Island — Çiftlik oyunu,"4,1",0,3,8 Mayıs 2026,,"Simülasyon, Yönetim",https://play.google.com/store/apps/details?id=com.MelsoftGames.FamilyIslandFarm
Mafia City,"4,1",0,16,1 Mayıs 2026,,"Strateji, 4X",https://play.google.com/store/apps/details?id=com.yottagames.mafiawar
Game of Sultans,"3,7",0,7,18 Mayıs 2026,,"Simülasyon, Yaşam, İmparatorluk kurma, Basit",https://play.google.com/store/apps/details?id=com.dc.hwsj
The Walking Dead: Survivors,"4,5",0,16,21 Mayıs 2026,,"Strateji, 4X",https://play.google.com/store/apps/details?id=com.elex.twdsaw.gp
The Grand Mafia,"4,4",0,16,11 Mart 2026,,"Strateji, 4X",https://play.google.com/store/apps/details?id=com.yottagames.gameofmafia
Play Together: Friends & Party,"4,2",0,7,14 Mayıs 2026,,"Simülasyon, Yaşam",https://play.google.com/store/apps/details?id=com.haegin.playtogether
Stardew Valley,"4,6","45,99",12,19 Mayıs 2026,,"Simülasyon, Yönetim, Çiftçilik",https://play.google.com/store/apps/details?id=com.chucklefish.stardewvalley
War and Order,"4,0",0,12,22 Nisan 2026,,"Strateji, 4X",https://play.google.com/store/apps/details?id=com.camelgames.superking
Buz ve Alev: King of Avalon,"4,1",0,7,13 Mayıs 2026,,"Strateji, 4X",https://play.google.com/store/apps/details?id=com.funplus.kingofavalon
RAID: Shadow Legends,"4,4",0,12,14 Mart 2026,,"Rol Yapma, Sıraya dayalı RYO",https://play.google.com/store/apps/details?id=com.plarium.raidlegends
Empires & Puzzles: Match-3 RPG,"4,0",0,7,11 Mayıs 2026,,"Rol Yapma, Bulmacalı rol yapma, Üçlü eşleştirme RYO",https://play.google.com/store/apps/details?id=com.smallgiantgames.empires
Five Nights at Freddy's,"4,8","18,99",12,17 Mayıs 2026,,"Aksiyon, Aksiyon-macera, Hayatta kalma ve korku",https://play.google.com/store/apps/details?id=com.scottgames.fivenightsatfreddys
State of Survival: Zombie War,"4,3",0,16,3 Aralık 2025,,"Strateji, 4X",https://play.google.com/store/apps/details?id=com.kingsgroup.sos
Muhteşem Osmanlı,"3,6",0,12,21 Mayıs 2026,,"Strateji, 4X",https://play.google.com/store/apps/details?id=and.onemt.boe.tr
Rise of Castles: Ice and Fire,"4,5",0,12,24 Mart 2026,,"Strateji, 4X",https://play.google.com/store/apps/details?id=com.im30.ROE.gp
March of Empires: War Games,"3,7",0,16,1 Nisan 2026,,"Strateji, 4X",https://play.google.com/store/apps/details?id=com.gameloft.android.ANMP.GloftGHHM
Dead Cells,"4,8","220,00",16,3 Mayıs 2026,,"Aksiyon, Platform, Hack and slash, Basit",https://play.google.com/store/apps/details?id=com.playdigious.deadcells.mobile
Clash of Kings,"3,6",0,12,6 Mayıs 2026,,"Strateji, 4X",https://play.google.com/store/apps/details?id=com.hcg.cok.gp
Kingdom Rush Vengeance TD Game,"4,6","214,99",7,6 Nisan 2026,,"Strateji, Kule savunması, Basit",https://play.google.com/store/apps/details?id=com.ironhidegames.android.kingdomrush4
MONOPOLY,"3,7","219,99",3,17 Mart 2026,,"Masa, Soyut strateji, Basit",https://play.google.com/store/apps/details?id=com.marmalade.monopoly
Bloons TD 6,"4,8","144,99",3,31 Mart 2026,,"Strateji, Kule savunması",https://play.google.com/store/apps/details?id=com.ninjakiwi.bloonstd6
Evertale,"4,3","0,59",12,8 Mayıs 2026,,"Rol Yapma, Sıraya dayalı RYO, Basit",https://play.google.com/store/apps/details?id=com.zigzagame.evertale
Arrows – Puzzle Escape,"4,8",0,3,16 Mayıs 2026,,"Bulmaca, Mantık",https://play.google.com/store/apps/details?id=com.ecffri.arrows
Super Bear Adventure,"4,5",0,3,18 Mayıs 2026,,"Aksiyon, Aksiyon-macera, Basit",https://play.google.com/store/apps/details?id=com.Earthkwak.Platformer
Block Blast!,"4,6",0,3,19 Mayıs 2026,,"Bulmaca, Blok, Basit",https://play.google.com/store/apps/details?id=com.block.juggle
Color Block: Combo Blast,"4,3",0,3,10 Mayıs 2026,,"Bulmaca, Blok",https://play.google.com/store/apps/details?id=com.puzzlegames.puzzlebrickslegend
Block Crazy Robo World Craft,"4,2",0,7,20 Mart 2026,,"Simülasyon, Sandbox",https://play.google.com/store/apps/details?id=com.cliffs.pro.cell.building.crazy.clever.craft
Futbol Hakem Simülasyonu 3D,"4,1",0,3,12 Mayıs 2026,,"Spor, Futbol",https://play.google.com/store/apps/details?id=com.flatgames.football.referee.simulator
Paper.io 2,"3,9",0,3,10 Mayıs 2026,,"Aksiyon, IO oyun, Basit",https://play.google.com/store/apps/details?id=io.voodoo.paper2
Soccer Moccer,"3,6",0,3,18 Mayıs 2026,,Gündelik,https://play.google.com/store/apps/details?id=com.KetenGames.SoccerMoccer
Subway Surfers,"4,5",0,7,3 Mayıs 2026,,"Aksiyon, Platform, Koşucu, Arcade",https://play.google.com/store/apps/details?id=com.kiloo.subwaysurf
Royal Kingdom,"4,4",0,3,10 Mayıs 2026,,"Bulmaca, Üçlü Eşleme, Üçlü eşleştirme macerası, Basit",https://play.google.com/store/apps/details?id=com.dreamgames.royalkingdom
Perfect Makeover Cleaning ASMR,"4,6",0,3,20 Mayıs 2026,,Gündelik,https://play.google.com/store/apps/details?id=com.hmbl.perfect.makeover.cleaning.asmr
Döner Efsanesi,"4,7",0,3,12 Nisan 2026,,"Simülasyon, Zaman yönetimi, Basit",https://play.google.com/store/apps/details?id=com.company.shaw
Rebel Glam: Giydirme Makyaj,"4,4",0,3,18 Mayıs 2026,,Simülasyon,https://play.google.com/store/apps/details?id=dress.up.fashion.makeup.style.makeover.girl.rebel.queen
Stickman Partisi 2 3 4 Oyunlar,"4,5",0,3,4 Nisan 2026,,"Masa, Parti, Basit, Mini oyunlar",https://play.google.com/store/apps/details?id=com.PlayMax.playergames
2 3 4 kişilik oyunlar,"4,2",0,7,7 Mayıs 2026,,"Masa, Parti, Basit, Mini oyunlar",https://play.google.com/store/apps/details?id=com.ction.playergames
Mini Challenges: Calm Games,"4,8",0,3,9 Mayıs 2026,,Gündelik,https://play.google.com/store/apps/details?id=com.u1.relax.minigame3
Drive Mad,"4,6",0,3,19 Mayıs 2026,,Yarış,https://play.google.com/store/apps/details?id=com.martinmagni.drivemad
Soccer Superstar - Futbol,"4,5",0,3,13 Mayıs 2026,,"Spor, Futbol, Basit",https://play.google.com/store/apps/details?id=com.soccer.score.star
School Party Craft,"4,5",0,3,10 Mayıs 2026,,"Simülasyon, Sandbox, Basit",https://play.google.com/store/apps/details?id=com.candyroom.clubcraft
Süpermarket Mağaza Simülatörü,"3,7",0,3,21 Mayıs 2026,,"Simülasyon, Basit",https://play.google.com/store/apps/details?id=com.playspare.supermarket.store.simulator
Arrows GO! - Ok Bulmacası,"4,6",0,3,8 Mayıs 2026,,Bulmaca,https://play.google.com/store/apps/details?id=com.oakever.arrows
PK XD: Eğlence ve arkadaşlar,"4,6",0,3,21 Mayıs 2026,,"Simülasyon, Yaşam, Basit",https://play.google.com/store/apps/details?id=com.movile.playkids.pkxd
Football League 2026,"4,4",0,3,Football League 2026,,"Spor, Futbol, Basit",https://play.google.com/store/apps/details?id=com.football.soccer.league
Traffic Rider,"4,6",0,3,18 Mayıs 2026,,"Yarış, Bisiklet yarışı",https://play.google.com/store/apps/details?id=com.skgames.trafficrider
Block World - Craft City,"4,2",0,3,16 Nisan 2026,,Simülasyon,https://play.google.com/store/apps/details?id=com.diamond.city.house.best.building.craft.vip
Vita Mahjong,"4,7",0,3,10 Mayıs 2026,,"Bulmaca, İkili eşleme, Mahjong solitaire, Basit",https://play.google.com/store/apps/details?id=com.vitastudio.mahjong
Block Craft 3D：Simülatör Oyun,"4,2",0,12,2 Mayıs 2026,,"Simülasyon, Sandbox, Basit",https://play.google.com/store/apps/details?id=com.fungames.blockcraft
Obby Parkour - Koşucu Oyunu,"4,4",0,3,9 Mayıs 2026,,"Aksiyon, Platform, Basit",https://play.google.com/store/apps/details?id=com.CAYN.TowerOfHellObby
Red Ball 4,"4,6",0,3,17 Nisan 2026,,"Aksiyon, Platform, Arcade",https://play.google.com/store/apps/details?id=com.FDGEntertainment.redball4.gp
Magic Tiles 3™ - Piyano Oyunu,"4,2",0,3,7 Mayıs 2026,,"Müzik, Performans, Arcade",https://play.google.com/store/apps/details?id=com.youmusic.magictiles
Castle Busters,"4,6",0,12,20 Mayıs 2026,,"Aksiyon, Nişancı, Topçu nişan oyunları",https://play.google.com/store/apps/details?id=com.epicoro.castleclashers
Snake.io - Eğlence Yılan Oyunu,"4,2",0,3,19 Mayıs 2026,,"Aksiyon, IO oyun, Basit",https://play.google.com/store/apps/details?id=com.amelosinteractive.snake
Crazy Kick!,"4,3",0,3,4 Nisan 2026,,"Spor, Futbol, Basit",https://play.google.com/store/apps/details?id=com.orbitalknight.ridiculousfreekick
Konuşan Tom Arkadaşlarım,"4,3",0,3,13 Mayıs 2026,,"Simülasyon, Bakım, Evcil hayvan",https://play.google.com/store/apps/details?id=com.outfit7.mytalkingtomfriends
Bus Rush Fever!,"4,2",0,3,16 Mayıs 2026,,Bulmaca,https://play.google.com/store/apps/details?id=jp.co.goodroid.hyper.busflow
Şahin Tofaş Oyunu,"3,8",0,3,10 Mayıs 2026,,Simülasyon,https://play.google.com/store/apps/details?id=com.sahin.driftdriver.abadgamessimulator
Brain Test 5: Zorlu Bulmacalar,"4,7",0,3,14 Mayıs 2026,,"Bulmaca, Zeka oyunu",https://play.google.com/store/apps/details?id=com.unicostudio.braintest5
Kingshot,"4,4",0,3,17 Mayıs 2026,,"Strateji, Kule savunması",https://play.google.com/store/apps/details?id=com.run.tower.defense
Kedi Şövalyeleri: Boşta RPG,,,3,,,Rol yapma,https://play.google.com/store/apps/details?id=com.MonsterPlanet.CatIdleRpg
Servant of the Lake,,,12,,,Macera,https://play.google.com/store/apps/details?id=com.RustyLake.ServantOfTheLake
Mad Raccoon: Tower Defense,,,7,,,Strateji,https://play.google.com/store/apps/details?id=com.TeamSparta.MadDefense
Toy Survivor : The War,,,3,,,Strateji,https://play.google.com/store/apps/details?id=com.actionfit.toy.defense.aos
판타지타운,,,3,,,"Simülasyon, Yönetim, Çiftçilik",https://play.google.com/store/apps/details?id=com.arumgames.fantasytown
King of Solitaire: Word Puzzle,,,3,,,Bulmaca,https://play.google.com/store/apps/details?id=com.arumgames.solitareword
DIGIMON UP,,,3,,,Rol yapma,https://play.google.com/store/apps/details?id=com.bandainamcoent.dgup_ww
Merge City - İnternetsiz Oyun,,,3,,,Gündelik,https://play.google.com/store/apps/details?id=com.bigcool.puzzle.merge.city
Lumi Master,,,3,,,Gündelik,https://play.google.com/store/apps/details?id=com.bilibili.lumi
Hold on! Lord!,,,7,,,Simülasyon,https://play.google.com/store/apps/details?id=com.buffstudio.holdonlord
"Supremacy: Warhammer 40,000",,,16,,,"Strateji, Savaş oyunu",https://play.google.com/store/apps/details?id=com.bytro.warhammer40ksupremacy
Abyssal Soul - Card Roguelike,,,7,,,Kart,https://play.google.com/store/apps/details?id=com.chillyroom.containerofsoul.gp
Ruler of the Land: Fire dragon,,,7,,,Rol yapma,https://play.google.com/store/apps/details?id=com.cle.yulgang_gb
Star Sailors,,,12,,,"Rol Yapma, Sıraya dayalı RYO",https://play.google.com/store/apps/details?id=com.com2usholdings.starsailors.android.google.global.normal
OTR 2,,,3,,,Yarış,https://play.google.com/store/apps/details?id=com.dogbytegames.otrnext
Dynasty Warriors: Overlords,,,7,,,Aksiyon,https://play.google.com/store/apps/details?id=com.emagroups.zs
Warline: Sniper Strike,,,16,,,"Strateji, 4X",https://play.google.com/store/apps/details?id=com.farlightgames.warline.gp.global
PancitoMerge,,,3,,,Bulmaca,https://play.google.com/store/apps/details?id=com.fayerdev.pancitomerge
Dragonfall Kingdom,,,3,,,Strateji,https://play.google.com/store/apps/details?id=com.gamehollywood.dk
Delicious: Festival of Dreams,,,3,,,Simülasyon,https://play.google.com/store/apps/details?id=com.gamehouse.delicious22.restaurant.festival.story.cooking.simulation
Words of Wonders: Kelime Oyunu,"4,8",0,3,16 Mayıs 2026,,"Kelime, Arama",https://play.google.com/store/apps/details?id=com.fugo.wow
Critical Strike CS: Online FPS,"4,6",0,16,19 Nisan 2026,,"Aksiyon, Nişancı, Taktiğe dayalı nişancı",https://play.google.com/store/apps/details?id=com.critical.strike2
Drift Max Pro - Araba Yarışı,"4,7",0,3,21 Mayıs 2026,,"Yarış, Çarpışan araba, Drift",https://play.google.com/store/apps/details?id=com.tiramisu.driftmax2
TRT İbi: Matematik Yolculuğu,"3,8",0,3,28 Şubat 2026,,"Eğitim, Matematik, Basit",https://play.google.com/store/apps/details?id=com.trtcocuk.ibi
Cafeland - Restoran Oyunu,"4,5",0,3,9 Mart 2026,,"Simülasyon, Yönetim, Restoran",https://play.google.com/store/apps/details?id=com.gamegos.mobile.cafeland
Rally Horizon,"4,4",0,3,30 Nisan 2026,,"Yarış, Araba yarışı",https://play.google.com/store/apps/details?id=com.Graypow.RallyHorizon
Kelime Sörfü - Kelime Oyunu,"4,6",0,3,27 Şubat 2026,,"Kelime, Arama, Basit",https://play.google.com/store/apps/details?id=com.marulgames.wordsurf
Manor Cafe: Eşleştirme Oyunu,"4,6",0,3,3 Mayıs 2026,,"Bulmaca, Üçlü Eşleme, Üçlü eşleştirme macerası, Basit",https://play.google.com/store/apps/details?id=com.gamegos.mobile.manorcafe
Bulmacahane - Kelime Oyunu,"4,7",0,3,4 Nisan 2026,,"Kelime, Arama",https://play.google.com/store/apps/details?id=com.anloft.bulmacahane
hocus.,"4,6",0,3,6 Mart 2026,,"Bulmaca, Mantık, Basit",https://play.google.com/store/apps/details?id=air.com.gamebrain.hocus
Words of Wonders: Search,"4,5",0,3,22 Ocak 2022,,"Kelime, Arama",https://play.google.com/store/apps/details?id=com.fugo.wowsearch
Oddmar,"4,7",0,7,20 Mart 2026,,"Aksiyon, Platform, Hack and slash, Basit",https://play.google.com/store/apps/details?id=com.mobge.Oddmar
Supermarket Game,"4,2",0,3,22 Ocak 2026,,"Simülasyon, Basit",https://play.google.com/store/apps/details?id=com.bubadu.supermarket
Arrow Puzzle: Bulmaca Oyunları,"4,8",0,3,21 Mart 2026,,"Bulmaca, Mantık",https://play.google.com/store/apps/details?id=com.easybrain.arrow.puzzle.game
Ping Pong Fury,"4,5",0,3,5 Mayıs 2026,,Spor,https://play.google.com/store/apps/details?id=uk.co.yakuto.PingPongKing
Carrom Pool: Disc Game,"4,4",0,3,13 Mayıs 2026,,"Spor, Bilardo, Basit",https://play.google.com/store/apps/details?id=com.miniclip.carrom
Rally Fury -Ralli Araba Yarışı,"3,6",0,3,29 Mart 2026,,"Yarış, Araba yarışı",https://play.google.com/store/apps/details?id=com.refuelgames.rally
Color by Number: Boyama Oyunu,"4,5",0,3,19 Nisan 2026,,"Bulmaca, Boyama, Basit",https://play.google.com/store/apps/details?id=com.tfgco.apps.coloring.free.color.by.number
AFK Journey,"4,2",0,12,5 Mayıs 2026,,"Rol Yapma, Aksiyon-strateji, Basit",https://play.google.com/store/apps/details?id=com.farlightgames.igame.gp
Tile Match: Rescue Story,"3,8",0,3,16 Nisan 2026,,"Bulmaca, Üçlü Eşleme, Üçlü eşleştirme macerası",https://play.google.com/store/apps/details?id=com.tile.match.rescuestory.puzzle.game
Okları Dokun: Arrow Madness,"4,9",0,3,22 Nisan 2026,,Bulmaca,https://play.google.com/store/apps/details?id=com.arrow.madness.games.arrows.escape.puzzle.game
Piano Fun: Music Beat Game,,0,16,,,Müzik,https://play.google.com/store/apps/details?id=game.piano.fun.beat.music
Mahjong Spirit: Match Game,"4,0",0,3,7 Nisan 2026,,Gündelik,https://play.google.com/store/apps/details?id=mahjong.game.match.spirit.casual
Tile Land: Triple Match,"4,4",0,3,9 Mayıs 2026,,"Bulmaca, Üçlü Eşleme",https://play.google.com/store/apps/details?id=com.sohi.tileland.gp
Block Spark: Classic Puzzle,"4,7",0,3,7 Nisan 2026,,Gündelik,https://play.google.com/store/apps/details?id=com.sofish.blockspark.gp
Knit Madness - Yün Sıralama,"4,6",0,3,17 Mayıs 2026,,Bulmaca,https://play.google.com/store/apps/details?id=com.knit.madness.wool.thread.color.sort.match.puzzle
Gem Block Challenge,"4,2",0,3,,,Bulmaca,https://play.google.com/store/apps/details?id=com.color.gem.block.puzzle.game
Unscrew Family:Bolt Puzzle,"4,9",0,3,,,"Bulmaca, Mantık",https://play.google.com/store/apps/details?id=com.sofish.screwhome.gp
Seek & Find: Cozy Escapes,"5,0",0,3,,,Gündelik,https://play.google.com/store/apps/details?id=games.find.hidden.objects.puzzle
Star Blaster Offline Roguelike,"3,0",0,7,17 Mayıs 2026,,"Rol Yapma, Roguelike oyunlar",https://play.google.com/store/apps/details?id=com.starblaster.atwo.epl.gp
Block Puzzle Brick Smash,,0,3,,,Gündelik,https://play.google.com/store/apps/details?id=block.puzzle.brick.smash.game
Lös: Mystery Horror Game,,0,7,,,Macera,https://play.google.com/store/apps/details?id=com.DarkBuilds.Scary.House.Adventure.Horror.Games.Los
Arrow Valley: Archery Game,,0,3,,,Gündelik,https://play.google.com/store/apps/details?id=com.astrologicmedia.arrowvalley
Retro Road Racer - Car Racing,,0,3,,,Yarış,https://play.google.com/store/apps/details?id=com.astrologicmedia.retroracer
Solitaire Snake,,0,3,,,"Aksiyon, IO oyun",https://play.google.com/store/apps/details?id=com.cardclash.snake.cg
Tavern Tale,"3,9",0,3,30 Ocak 2026,,Rol Yapma,https://play.google.com/store/apps/details?id=com.chillyroom.hanksbar.gp
Digit Logic Match,,0,3,,,Bulmaca,https://play.google.com/store/apps/details?id=com.digit.logic.number.match.pair.puzzle
Outpost Stand: Alien Rush,,0,3,,,"Strateji, Kule savunması",https://play.google.com/store/apps/details?id=com.dtty.fortress.idle.survivor.defense.gp
Survival Defense: Zombie,,0,7,,,Strateji,https://play.google.com/store/apps/details?id=com.furywing.survival.defense
Benim Konuşan Tom'um 2,"4,2",0,3,9 Mayıs 2026,,"Simülasyon, Bakım, Evcil hayvan, Basit",https://play.google.com/store/apps/details?id=com.outfit7.mytalkingtom2
UNO!™,"4,2",0,3,17 Mayıs 2026,,"Kart, Kartları elden çıkarma, Basit",https://play.google.com/store/apps/details?id=com.matteljv.uno
Car Parking Multiplayer,"4,4",0,3,21 Mayıs 2026,,"Simülasyon, Araç, Park etme simülatörü, Basit",https://play.google.com/store/apps/details?id=com.olzhas.carparking.multyplayer
Avatar World ®,"4,6",0,3,14 Mayıs 2026,,"Rol Yapma, Basit",https://play.google.com/store/apps/details?id=com.pazugames.avatarworld
Hay Day,"4,5",0,3,16 Mayıs 2026,,"Simülasyon, Yönetim, Çiftçilik, Basit",https://play.google.com/store/apps/details?id=com.supercell.hayday
Kavun Kum Havuzu,"4,4",0,12,18 Mayıs 2026,,"Simülasyon, Sandbox",https://play.google.com/store/apps/details?id=com.studio27.MelonPlayground
Extreme Car Driving Simulator,"4,3",0,3,9 Mayıs 2026,,"Simülasyon, Araç, Araba simülasyonu, Basit",https://play.google.com/store/apps/details?id=com.aim.racing
Bebek Panda'nın Okul Otobüsü,"4,2",0,3,15 Mart 2026,,"Simülasyon, Yaşam Tarzı, Basit",https://play.google.com/store/apps/details?id=com.sinyee.babybus.taxi
"İyi Pizza, Güzel Pizza","4,5",0,3,14 Mayıs 2026,,"Simülasyon, Yönetim, Restoran",https://play.google.com/store/apps/details?id=com.tapblaze.pizzabusiness
Kalliu Game World,"4,6",0,3,12 Mayıs 2026,,"Simülasyon, Yaşam, Basit",https://play.google.com/store/apps/details?id=com.sinyee.babybus.gameworld.design.home.friends.fun.life.story
Maşa ile Koca Ayı: Yemek Oyunu,"4,5",0,3,19 Nisan 2026,,"Simülasyon, Basit",https://play.google.com/store/apps/details?id=com.devgame.masha.and.bear.pizzeria.games
Truck Simulator : Ultimate,"4,3",0,3,26 Nisan 2026,,"Simülasyon, Araç, Kamyon simülasyonu, Basit",https://play.google.com/store/apps/details?id=com.zuuks.truck.simulator.ultimate
Idle Death Tycoon: Money Inc.,"4,5",0,3,13 Eylül 2020,,"Simülasyon, Tıklama, Basit",https://play.google.com/store/apps/details?id=com.generagames.deathtycoon
Solitaire Farm Adventure,"4,1",0,3,18 Mayıs 2026,,"Simülasyon, Yönetim, Çiftçilik",https://play.google.com/store/apps/details?id=com.me2zen.tripeaks.v4.and
Train Station 3: Tren Oyunu,"4,1",0,3,3 Nisan 2026,,"Simülasyon, Yönetim, İş adamı",https://play.google.com/store/apps/details?id=com.pixelfederation.ts3.train.station.evolution.building.manager.tycoon.simulator
Evil Hunter Tycoon,"4,2",0,3,29 Kasım 2025,,"Simülasyon, Yönetim, İş adamı, Basit",https://play.google.com/store/apps/details?id=com.superplanet.evilhunter
Food Street,"4,3",0,3,22 Nisan 2026,,"Simülasyon, Yönetim, Restoran",https://play.google.com/store/apps/details?id=com.supersolid.honestfood
Gossip Harbor®: Merge & Story,"4,0",0,3,21 Mayıs 2026,,"Simülasyon, Yaşam Tarzı, Tasarım",https://play.google.com/store/apps/details?id=com.mergegames.gossipharbor
Car Simulator 2,"4,6",0,7,19 Mayıs 2026,,"Simülasyon, Araç, Araba simülasyonu, Basit",https://play.google.com/store/apps/details?id=com.oppanagames.car.simulator
FPS Strike Ops : Modern Arena,"4,4",0,12,21 Mayıs 2026,,"Aksiyon, Nişancı, Taktiğe dayalı nişancı",https://play.google.com/store/apps/details?id=com.ta.strike.ops
Snake Clash,"4,1",0,3,30 Nisan 2026,,"Aksiyon, IO oyun, Basit",https://play.google.com/store/apps/details?id=io.supercent.linkedcubic
Kooply Run™: Play and Create!,"4,0",0,3,21 Mayıs 2026,,"Aksiyon, Platform, Koşucu, Arcade",https://play.google.com/store/apps/details?id=com.creations.runnergame
Supreme Duelist Stickman,"4,4",0,7,17 Mayıs 2026,,"Aksiyon, Dövüş, Basit",https://play.google.com/store/apps/details?id=com.Neurononfire.SupremeDuelist
Geometry Dash Lite,"4,2",0,3,18 Mayıs 2026,,"Aksiyon, Platform, Koşucu, Arcade",https://play.google.com/store/apps/details?id=com.robtopx.geometryjumplite
Çöp Adam Savaşları,"4,8",0,12,20 Mayıs 2026,,"Strateji, Kule savunması, Basit",https://play.google.com/store/apps/details?id=com.maxgames.stickwarlegacy
Hole.io,"2,9",0,7,14 Mayıs 2026,,"Aksiyon, IO oyun, Basit",https://play.google.com/store/apps/details?id=io.voodoo.holeio
Spider Fighter 3: Action Game,"4,4",0,12,1 Nisan 2026,,"Aksiyon, Aksiyon-macera, Basit",https://play.google.com/store/apps/details?id=com.starplay.spider.fighter.openworld
Clash Royale,"4,3",0,7,22 Mayıs 2026,,"Strateji, Kule savunması",https://play.google.com/store/apps/details?id=com.supercell.clashroyale
Brain Test: Zeka Oyunları,"4,7",0,3,17 Mayıs 2026,,"Bulmaca, Zeka oyunu, Basit",https://play.google.com/store/apps/details?id=com.unicostudio.braintest
Big Helmets: Heroes of Destiny,"4,2",0,12,15 Nisan 2026,,"Rol Yapma, Sıraya dayalı RYO",https://play.google.com/store/apps/details?id=com.bighelmets.destiny
Shadow Knight: Gölge Ninja,"4,3",0,16,25 Nisan 2026,,"Rol Yapma, Aksiyon Rol Yapma",https://play.google.com/store/apps/details?id=com.fansipan.stickman.fight.shadow.knights
Age of Revenge: Heroes & Clans,"3,9",0,12,14 Mart 2023,,"Rol Yapma, Sıraya dayalı RYO, Basit",https://play.google.com/store/apps/details?id=com.fruitshake.fairyrpg
American Dad! Apocalypse Soon,"4,4",0,12,7 Nisan 2022,,"Strateji, Şehir kurma ve savaş, Basit",https://play.google.com/store/apps/details?id=com.my.ffs.simulator.americandad
StarSavior,"3,4",0,12,19 Mart 2026,,"Rol Yapma, Sıraya dayalı RYO",https://play.google.com/store/apps/details?id=com.studiobside.starMain
Tomb of the Mask: Labirent,"4,3",0,3,13 Mayıs 2026,,"Aksiyon, Platform, Basit",https://play.google.com/store/apps/details?id=com.playgendary.tom
101 Okey Yalla - Canlı & Sesli,"4,6",0,18,30 Nisan 2026,,"Masa, Soyut strateji, Basit",https://play.google.com/store/apps/details?id=com.yalla.okey101yalla
Stumble Guys,"4,6",0,3,21 Mayıs 2026,,"Aksiyon, Platform, Basit",https://play.google.com/store/apps/details?id=com.kitkagames.fallbuddies
MadOut 2: Araba RP Dünya,"4,0",0,18,12 Mayıs 2026,,"Aksiyon, Aksiyon-macera",https://play.google.com/store/apps/details?id=com.MadOut.BIG
Blood Strike Max,"4,2",0,12,19 Mayıs 2026,,"Aksiyon, Nişancı, Taktiğe dayalı nişancı",https://play.google.com/store/apps/details?id=com.netease.newspikeme
Among Us,"3,8",0,7,25 Nisan 2026,,"Strateji, Asimetrik savaş alanı",https://play.google.com/store/apps/details?id=com.innersloth.spacemafia
Okey,"4,5",0,3,5 Mayıs 2026,,"Masa, Soyut strateji, Basit",https://play.google.com/store/apps/details?id=com.ahoygames.okey
Cat Runner: Decorate Home,"4,1",0,3,28 Şubat 2026,,"Aksiyon, Platform, Koşucu",https://play.google.com/store/apps/details?id=com.solou.catendless.run
Dye Hard - Renkler Savaşı,"4,3",0,3,19 Mayıs 2026,,"Strateji, MOBA, Basit",https://play.google.com/store/apps/details?id=flexus.dye.hard
ARCANE RUSH: Auto Battler,"4,4",0,7,25 Ocak 2026,,"Kart, Kart savaşı",https://play.google.com/store/apps/details?id=com.alleylabs.battlegrounds
Fortnite,"3,5",0,12,19 Mayıs 2026,,"Aksiyon, Nişancı, Taktiğe dayalı nişancı",https://play.google.com/store/apps/details?id=com.epicgames.fortnite
Shoot Out: Silah Oyunları,"4,3",0,16,30 Nisan 2026,,"Aksiyon, Nişancı, Taktiğe dayalı nişancı",https://play.google.com/store/apps/details?id=com.freeplaysultanov.shootit
PUBG MOBILE LITE,"3,7",0,16,12 Mayıs 2026,,"Aksiyon, Nişancı, Taktiğe dayalı nişancı",https://play.google.com/store/apps/details?id=com.tencent.iglite
Konuşan Tom Kahraman Koşusu,"4,3",0,7,17 Mayıs 2026,,"Aksiyon, Platform, Koşucu, Arcade",https://play.google.com/store/apps/details?id=com.outfit7.herodash
Konuşan Tom Altın Peşinde,"4,3",0,7,14 Mayıs 2026,,"Aksiyon, Platform, Koşucu, Arcade",https://play.google.com/store/apps/details?id=com.outfit7.talkingtomgoldrun
Mob Control,"4,1",0,3,16 Mayıs 2026,,"Aksiyon, Basit, Çok basit",https://play.google.com/store/apps/details?id=com.vincentb.MobControl
Sniper 3D：Nişancılık Oyunları,"4,5",0,18,2 Mayıs 2026,,"Aksiyon, Nişancı, Keskin nişancı, Basit",https://play.google.com/store/apps/details?id=com.fungames.sniper3d
Hello Neighbor,"4,0",0,12,18 Mayıs 2026,,"Aksiyon, Aksiyon-macera, Hayatta kalma ve korku",https://play.google.com/store/apps/details?id=com.tinybuildgames.helloneighbor
Flex City: Online RP Car Game,"4,4",0,16,19 Mayıs 2026,,"Aksiyon, Aksiyon-macera",https://play.google.com/store/apps/details?id=com.jarvigames.viceonline
Payback 2 - The Battle Sandbox,"4,3",0,12,3 Mayıs 2026,,"Aksiyon, Aksiyon-macera, Basit",https://play.google.com/store/apps/details?id=net.apex_designs.payback2
Mahjong Blast,"4,8",0,3,7 Mayıs 2026,,"Bulmaca, İkili eşleme, Mahjong solitaire",https://play.google.com/store/apps/details?id=com.nebula.mahjongtile
Wordscapes,"2,9",0,3,19 Şubat 2024,,"Kelime, Arama",https://play.google.com/store/apps/details?id=com.peoplefun.wordcross
Virtual Regatta Offshore,"4,2",0,3,2 Aralık 2021,,"Yarış, Yarış simülatörü",https://play.google.com/store/apps/details?id=com.virtualregatta
Car Parking Multiplayer 2,"4,1",0,3,23 Nisan 2026,,"Simülasyon, Araç, Araba simülasyonu, Basit",https://play.google.com/store/apps/details?id=com.olzhas.carparking.multyplayer2
Satranç · Oyna & Öğren,"4,7",0,3,19 Mayıs 2026,,"Masa, Soyut strateji, Satranç, Basit",https://play.google.com/store/apps/details?id=com.chess
Solar Smash,"4,5",0,7,16 Mayıs 2026,,"Simülasyon, Basit",https://play.google.com/store/apps/details?id=com.paradyme.solarsmash
Okey Plus - En Kalabalık Okey!,"4,6",0,12,20 Mayıs 2026,,"Masa, Soyut strateji, Basit",https://play.google.com/store/apps/details?id=net.peakgames.OkeyPlus
Zen Word® - Bulmaca Oyunu,"4,8",0,3,20 Mayıs 2026,,"Kelime, Arama, Basit",https://play.google.com/store/apps/details?id=kidultlovin.word.zen
Words of Wonders: Guru,"4,8",0,3,1 Mayıs 2026,,"Kelime, Arama",https://play.google.com/store/apps/details?id=com.fugo.wowguru
QuizzLand: Trivia Test Oyunu,"4,8",0,3,19 Mayıs 2026,,"Bulmaca, Zeka oyunu, Zeka eğitimi",https://play.google.com/store/apps/details?id=com.xmonetize.quizzland
Kelime Ara Bulmaca,"4,8",0,3,16 Mayıs 2026,,"Kelime, Arama, Basit",https://play.google.com/store/apps/details?id=in.playsimple.wordsearch
Pure Sniper: 3D Silah Oyunları,"4,8",0,18,17 Mayıs 2026,,"Aksiyon, Nişancı, Keskin nişancı",https://play.google.com/store/apps/details?id=com.miniclip.realsniper
Araba Otopark Sürücü Okulu,"4,3",0,3,23 Nisan 2026,,"Simülasyon, Araç, Park etme simülatörü",https://play.google.com/store/apps/details?id=com.racinggames_city.car.racing_Free
Antistress - rahatlamak,"4,4",0,3,2 Mayıs 2026,,"Basit, Çok basit",https://play.google.com/store/apps/details?id=com.JindoBlu.Antistress
Asphalt Legends - Racing Game,"4,2",0,7,21 Mart 2026,,"Yarış, Araba yarışı",https://play.google.com/store/apps/details?id=com.gameloft.android.ANMP.GloftA9HM
Score! Hero,"4,2",0,3,7 Mayıs 2026,,"Spor, Futbol, Basit",https://play.google.com/store/apps/details?id=com.firsttouchgames.story
Bowmasters: Archery Shooting,"3,7",0,12,19 Mayıs 2026,,"Aksiyon, Nişancı, Topçu nişan oyunları, Basit",https://play.google.com/store/apps/details?id=com.playgendary.bowmasters
Battle Cars: Araba Savaşları,"4,4",0,3,7 Şubat 2026,,"Aksiyon, Nişancı, Araçlı savaş",https://play.google.com/store/apps/details?id=com.tinybytes.massivecars
Fire Apocalypse: Zombie Games,"4,6",0,16,7 Mayıs 2026,,"Aksiyon, Nişancı, Kurşun yağdırma",https://play.google.com/store/apps/details?id=com.apocalypse.zombie.games
Hitman Suikastçi Hitman Sniper,"4,2","104,99",16,11 Mart 2026,,"Aksiyon, Nişancı, Keskin nişancı, Basit",https://play.google.com/store/apps/details?id=com.squareenixmontreal.hitmansniperandroid
Piyano Çocukları - Müzik,"4,0",0,3,9 Mart 2026,,"Eğitim, Basit",https://play.google.com/store/apps/details?id=com.orange.kidspiano.music.songs
Kick the Buddy,"3,8",0,12,18 Nisan 2026,,Basit,https://play.google.com/store/apps/details?id=com.playgendary.kickthebuddy
Hill Climb Racing,"4,2",0,3,4 Nisan 2026,,"Yarış, Çarpışan araba, Basit",https://play.google.com/store/apps/details?id=com.fingersoft.hillclimb
Konuşan Tom Arkadaşlarım 2,"4,3",0,3,17 Mayıs 2026,,"Simülasyon, Bakım, Evcil hayvan",https://play.google.com/store/apps/details?id=com.outfit7.mytalkingtomfriends2
Benim Konuşan Hank'im: Adalar,"4,1",0,3,20 Mart 2026,,"Simülasyon, Bakım, Evcil hayvan, Basit",https://play.google.com/store/apps/details?id=com.outfit7.mytalkinghank
Sonic Dash Run,"4,5",0,3,20 Mart 2026,,"Aksiyon, Platform, Koşucu, Arcade",https://play.google.com/store/apps/details?id=com.sega.sonicdash
Maşa ile Koca Ayı: Arkadaşlar!,"4,3",0,3,9 Mayıs 2026,,"Simülasyon, Bakım, Evcil hayvan, Basit",https://play.google.com/store/apps/details?id=com.devgame.masha.and.bear.my.friends
Pou,"4,1",0,3,12 Nisan 2026,,"Simülasyon, Bakım, Evcil hayvan, Basit",https://play.google.com/store/apps/details?id=me.pou.app
Çocuklar için eğitici oyunlar,"4,4",0,3,10 Mayıs 2026,,"Eğitim, Matematik, Basit",https://play.google.com/store/apps/details?id=com.eruditoplus.funny.food5.kids.toddlers.learning.games
Sonic Forces - Koşu Oyunu,"4,2",0,3,9 Mart 2026,,"Aksiyon, Platform, Koşucu",https://play.google.com/store/apps/details?id=com.sega.sprint
Fluvsies - A Fluff to Luv,"4,2",0,3,19 Mayıs 2026,,"Simülasyon, Bakım, Evcil hayvan, Basit",https://play.google.com/store/apps/details?id=com.tutotoons.app.fluvsies.free
Bebek Pandanın Süpermarketi,"4,2",0,3,9 Mart 2026,,"Simülasyon, Yaşam Tarzı, Basit, Mini oyunlar",https://play.google.com/store/apps/details?id=com.sinyee.babybus.shopping
Küçük Panda'nın Rüya Diyarı,"4,3",0,3,1 Mayıs 2026,,"Simülasyon, Basit",https://play.google.com/store/apps/details?id=com.sinyee.babybus.cube.global
Baby Panda's Town: Ev,"3,5",0,3,2 Ağustos 2024,,"Simülasyon, Yaşam Tarzı, Basit, Mini oyunlar",https://play.google.com/store/apps/details?id=com.sinyee.babybus.marketIII
Hello Kitty Nail Salon,"4,1",0,3,2 Mart 2026,,"Simülasyon, Yaşam Tarzı, Manikür/pedikür salonu, Basit",https://play.google.com/store/apps/details?id=com.budgestudios.HelloKittyNailSalon
Boyama ve öğren,"3,9",0,3,23 Nisan 2026,,"Eğitim, Matematik, Basit",https://play.google.com/store/apps/details?id=com.orange.coloring.learn.kids
Toca Boca Jr: Fun Kids Games,"3,7",0,3,22 Nisan 2026,,"Simülasyon, Basit",https://play.google.com/store/apps/details?id=com.tocaboca.tocakitchen2
Bebek Oyunları: 1-5 yaş türkçe,"4,3",0,3,23 Mart 2026,,"Eğitim, Dil, ABC",https://play.google.com/store/apps/details?id=com.rvappstudios.baby.games.piano.phone.kids
Barbie Dreamhouse Adventures,"3,9",0,3,17 Mayıs 2026,,"Simülasyon, Yaşam Tarzı, Tasarım",https://play.google.com/store/apps/details?id=com.budgestudios.googleplay.BarbieDreamhouse
Bebek Panda'nın Çocuk Oyunları,"4,1",0,3,19 Mart 2026,,"Basit, Mini oyunlar",https://play.google.com/store/apps/details?id=com.sinyee.babybus.recommendapp.global
Crostic－Zeka Kelime Bulmacası,"4,4",0,3,16 Nisan 2026,,"Kelime, Arama, Basit",https://play.google.com/store/apps/details?id=com.severex.cross.word.puzzle.logic
Adam Asmaca - 2 Player Games,"4,7",0,3,15 Mayıs 2026,,"Kelime, Arama, Basit",https://play.google.com/store/apps/details?id=hang.man.word.guessing.games
Kelime Oyunu | Bulmaca,"4,2",0,3,29 Nisan 2026,,"Kelime, Arama, Basit",https://play.google.com/store/apps/details?id=com.trkstudio.wordgame
Rollance : Macera Topları,"4,0",0,3,6 Mayıs 2026,,"Aksiyon, Platform, Basit",https://play.google.com/store/apps/details?id=com.atesgamestudio.rollance
Goal Battle - PvP Futbol Oyunu,"4,5",0,3,10 Mayıs 2026,,"Spor, Futbol",https://play.google.com/store/apps/details?id=com.mage.goalbattle
Mini Soccer Star - Futbol 26,"4,6",0,3,2 Mayıs 2026,,"Spor, Futbol, Basit",https://play.google.com/store/apps/details?id=com.touch2goal.soccer
Pro League Soccer,"3,7",0,3,21 Mayıs 2026,,"Spor, Futbol, Basit",https://play.google.com/store/apps/details?id=com.rasugames.pls
Tile Explorer - Üçlü Eşleşme,"4,7",0,3,15 Mayıs 2026,,"Bulmaca, Üçlü Eşleme, Basit",https://play.google.com/store/apps/details?id=com.oakever.tiletrip
Block Crush!,"4,7",0,3,11 Mayıs 2026,,"Bulmaca, Blok",https://play.google.com/store/apps/details?id=com.wood.block.sudoku.puzzle.bm
SCHOOLBOY RUNAWAY - STEALTH,"4,2",0,16,1 Mayıs 2026,,"Bulmaca, Kaçış",https://play.google.com/store/apps/details?id=com.LinkedSquad.SchoolBoyRunaway
Dream Resort,"4,7",0,3,5 Nisan 2026,,"Bulmaca, Üçlü Eşleme, Üçlü eşleştirme macerası, Basit",https://play.google.com/store/apps/details?id=com.dream.resort.candy.match.mania.gp
Sort Match™:3D Goods Puzzle,"4,3",0,3,17 Şubat 2026,,"Bulmaca, Üçlü Eşleme, Basit",https://play.google.com/store/apps/details?id=com.sortmatch.triple.drop.goods.puzzle
Magic Sort!,"4,4",0,3,19 Mayıs 2026,,"Bulmaca, Sıralama",https://play.google.com/store/apps/details?id=com.grandgames.magicsort
Merge Fashion: Romance Story,"4,7",0,12,18 Mayıs 2026,,"Simülasyon, Yaşam Tarzı, Giysi Deneme",https://play.google.com/store/apps/details?id=com.infiniplay.merge.fashion.romance.story
Tile Club - Eşleme Oyunu,"4,8",0,3,23 Nisan 2026,,"Bulmaca, Üçlü Eşleme, Basit",https://play.google.com/store/apps/details?id=com.gamovation.tileclub
Zombie Catchers - Zombiler,"4,5",0,7,15 Mayıs 2026,,"Aksiyon, Platform, Hack and slash, Basit",https://play.google.com/store/apps/details?id=fi.twomenandadog.zombiecatchers
World Soccer Champs,"4,7",0,3,15 Mart 2026,,"Spor, Koçluk, Basit",https://play.google.com/store/apps/details?id=com.monkeyibrow.worldsoccerchamps
Real Cricket™,"4,3",0,3,13 Aralık 2025,,"Spor, Kriket, Basit",https://play.google.com/store/apps/details?id=com.nautilus.realcricket
Iron Marines Offline Strategy,"4,7",0,12,11 Ocak 2026,,"Strateji, 4X",https://play.google.com/store/apps/details?id=com.ironhidegames.android.ironmarines
Kingdom Clash - Strateji Oyunu,"4,6",0,12,13 Mayıs 2026,,"Strateji, Taktik",https://play.google.com/store/apps/details?id=azurgames.idle.war
Gear Defenders,"4,3",0,7,8 Nisan 2026,,"Strateji, Kule savunması",https://play.google.com/store/apps/details?id=com.iogame.gearworld
Idle Miner Tycoon Maden Oyunu,"4,6",0,3,4 Mayıs 2026,,"Simülasyon, Yönetim, İş adamı",https://play.google.com/store/apps/details?id=com.fluffyfairygames.idleminertycoon
Truck Manager - 2026,"4,5",0,3,Truck Manager - 2026,,"Simülasyon, Yönetim, İş adamı",https://play.google.com/store/apps/details?id=com.trophygames.truckmanager
My Perfect Hotel,"4,4",0,3,20 Mayıs 2026,,"Simülasyon, Yönetim, İş adamı, Basit",https://play.google.com/store/apps/details?id=com.master.hotelmaster
Küçük Panda Restoran,"3,9",0,3,19 Aralık 2020,,"Simülasyon, Yönetim, Restoran",https://play.google.com/store/apps/details?id=com.sinyee.babybus.restaurant
Train Station 2 Tren Strateji,"4,1",0,3,9 Mart 2026,,"Simülasyon, Yönetim, İş adamı",https://play.google.com/store/apps/details?id=com.pixelfederation.ts2
Küçük Panda'nın Çiftliği,"4,1",0,3,2 Şubat 2026,,"Simülasyon, Yönetim, Çiftçilik, Basit",https://play.google.com/store/apps/details?id=com.sinyee.babybus.garden
TopTop: Oyunlar ve Sohbet,"4,0",0,3,8 Mayıs 2026,,,https://play.google.com/store/apps/details?id=com.game.friends.android
Minecraft Deneme Sürümü,"3,8",0,7,15 Mayıs 2026,,"Simülasyon, Sandbox",https://play.google.com/store/apps/details?id=com.mojang.minecrafttrialpe
Pixel Art - Boyama Oyunları,"4,6",0,3,11 Mayıs 2026,,"Bulmaca, Boyama, Basit",https://play.google.com/store/apps/details?id=com.europosit.pixelcoloring
Drive Ahead! - Araba Savaşları,"4,1",0,7,9 Nisan 2026,,"Yarış, Çarpışan araba",https://play.google.com/store/apps/details?id=com.dodreams.driveahead
Hungry Shark Evolution,"4,2",0,16,19 Mayıs 2026,,"Aksiyon, Aksiyon-macera, Hayatta Kalma, Arcade",https://play.google.com/store/apps/details?id=com.fgol.HungrySharkEvolution
Temple Run 2: Endless Escape,"4,1",0,3,4 Mayıs 2026,,"Aksiyon, Platform, Koşucu, Arcade",https://play.google.com/store/apps/details?id=com.imangi.templerun2
Hill Climb Racing 2,"4,2",0,3,3 Mayıs 2026,,"Yarış, Çarpışan araba, Arcade",https://play.google.com/store/apps/details?id=com.fingersoft.hcr2
Zombie Tsunami,"4,4",0,7,5 Mayıs 2026,,"Aksiyon, Platform, Koşucu, Arcade",https://play.google.com/store/apps/details?id=net.mobigame.zombietsunami
Piano Game: Classic Music Song,"3,9",0,3,3 Mart 2026,,"Müzik, Performans, Arcade",https://play.google.com/store/apps/details?id=game.piano.music.tiles.challenge
Jewel Blast Time - Match 3,"4,3",0,3,23 Mart 2026,,"Bulmaca, Üçlü Eşleme, Basit",https://play.google.com/store/apps/details?id=puzzlegame.buildfun.jewelmatch
Candy Crush Soda Saga,"4,4",0,3,27 Nisan 2026,,"Bulmaca, Üçlü Eşleme, Basit",https://play.google.com/store/apps/details?id=com.king.candycrushsodasaga
Farm Heroes Saga,"4,5",0,3,9 Mayıs 2026,,"Bulmaca, Üçlü Eşleme, Basit",https://play.google.com/store/apps/details?id=com.king.farmheroessaga
Vector,"4,6",0,7,11 Mayıs 2026,,"Spor, Parkur, Basit",https://play.google.com/store/apps/details?id=com.nekki.vector
Darts of Fury,"4,6",0,3,6 Mayıs 2026,,"Spor, Dart, Basit",https://play.google.com/store/apps/details?id=uk.co.yakuto.DartsOfFury
Hunter Raid: Hareketsiz RPG,"4,4",0,7,27 Kasım 2025,,"Rol Yapma, Tıklama RYO",https://play.google.com/store/apps/details?id=studio.gameberry.idlehunter
NTE: Neverness to Everness,"4,5",0,12,18 Mayıs 2026,,"Rol Yapma, Aksiyon Rol Yapma",https://play.google.com/store/apps/details?id=com.hottagames.nte
Dicero,"4,7",0,7,10 Mayıs 2026,,Gündelik,https://play.google.com/store/apps/details?id=com.bailing.lark.roll.dev
Ürünler Akını! 3D Sıralama,"4,5",0,3,13 Mart 2026,,Bulmaca,https://play.google.com/store/apps/details?id=com.triple.match.goods.sort.puzzle.game
Catch & Build: Land of Pals,"2,5",0,7,2 Mayıs 2026,,Strateji,https://play.google.com/store/apps/details?id=com.sgclglo.google
Clash of Critters,"3,8",0,3,21 Mayıs 2026,,"Strateji, Kule savunması",https://play.google.com/store/apps/details?id=com.farlightgames.pgame.gp
Genesis War,"1,7",0,12,13 Mayıs 2026,,Rol Yapma,https://play.google.com/store/apps/details?id=com.linegames.gmg
Cats&Soup : Merge Magic Recipe,"4,6",0,3,28 Nisan 2026,,"Bulmaca, Birleştirme, Basit",https://play.google.com/store/apps/details?id=com.hidea.cat.magicrecipe
Karo Lezzeti: Eşleştirme Oyunu,,0,3,,,Bulmaca,https://play.google.com/store/apps/details?id=com.tile.flavor.puzzle.match.triple.sort.game
Where Winds Meet,"4,0",0,16,19 Mart 2026,,"Rol Yapma, Aksiyon Rol Yapma",https://play.google.com/store/apps/details?id=com.netease.yysls
Hero Park 2,,0,7,,,Simülasyon,https://play.google.com/store/apps/details?id=com.FunFlavorGames.HeroPark2
Conquest Tactics: Realm of Sin,,"399,99",3,,,Masa oyunları,https://play.google.com/store/apps/details?id=com.SingularSunshineStudios.ConquestTactics
Gökyüzünün Tüccarı,,"199,00",3,,,Simülasyon,https://play.google.com/store/apps/details?id=com.astralride.mots
Tokyo Ghoul : Break the Chains,"4,4",0,7,25 Aralık 2025,,"Rol Yapma, Sıraya dayalı RYO",https://play.google.com/store/apps/details?id=com.funcat.tgbtceu
War Legends:RTS strateji oyunu,,0,3,,,"Strateji, Şehir kurma ve savaş, Basit",https://play.google.com/store/apps/details?id=com.geargames.warlegends.rts.strategy.game
ALLfiring,"4,5",0,3,15 Mayıs 2026,,Rol yapma,https://play.google.com/store/apps/details?id=com.genmugame.prometheus
Punishing: Gray Raven,"4,4",0,12,27 Nisan 2026,,"Rol Yapma, Aksiyon Rol Yapma",https://play.google.com/store/apps/details?id=com.kurogame.gplay.punishing.grayraven.en
FairyTale Quest,"3,1",0,7,19 Mayıs 2026,,"Rol Yapma, Roguelike oyunlar",https://play.google.com/store/apps/details?id=com.linegames.fq
Little Corner Tea House,,0,3,,,"Simülasyon, Zaman yönetimi, Basit",https://play.google.com/store/apps/details?id=com.loongcheer.unicon.littlecornerteahouse
Farm Rush: Hasat Patronu,"4,9",0,3,23 Mayıs 2026,,Arcade,https://play.google.com/store/apps/details?id=com.miniclip.farmrush
Hello Neighbor Nicky's Diaries,"3,9",0,7,9 Mayıs 2026,,"Aksiyon, Aksiyon-macera, Hayatta kalma ve korku",https://play.google.com/store/apps/details?id=com.tinybuildgames.hndiaries
The Ghost - Multiplayer Horror,"4,2",0,16,18 Mart 2026,,"Aksiyon, Aksiyon-macera, Hayatta kalma ve korku",https://play.google.com/store/apps/details?id=com.Gameplier.TheGhost
Gözler:Gerilim Ürpertici Korku,"4,5",0,12,16 Nisan 2026,,"Aksiyon, Aksiyon-macera, Hayatta kalma ve korku",https://play.google.com/store/apps/details?id=com.eyesthegame.eyes
Jewels of Egypt: Eşleme Oyunu,"4,6",0,3,12 Ocak 2026,,"Bulmaca, Üçlü Eşleme, Üçlü eşleştirme macerası, Basit",https://play.google.com/store/apps/details?id=com.g5e.jewelsofegypt.android
Jewel Hunter - Match 3 Games,"4,7",0,3,16 Ocak 2026,,"Bulmaca, Üçlü Eşleme, Üçlü eşleştirme macerası, Basit",https://play.google.com/store/apps/details?id=com.phonemaster.jewelhunter
Resonance Solstice,"4,2",0,7,31 Ekim 2025,,"Rol Yapma, MMORPG",https://play.google.com/store/apps/details?id=com.ujoy.reso
Looney Tunes™ World of Mayhem,"4,0",0,7,18 Mayıs 2026,,"Rol Yapma, Sıraya dayalı RYO",https://play.google.com/store/apps/details?id=com.aqupepgames.projectpepe
Asphalt 8: Gerçek Yarış Oyunu,"4,4",0,7,15 Mayıs 2026,,"Yarış, Araba yarışı",https://play.google.com/store/apps/details?id=com.gameloft.android.ANMP.GloftA8HM
Earn to Die 2,"4,6",0,12,8 Mayıs 2026,,"Yarış, Çarpışan araba",https://play.google.com/store/apps/details?id=com.notdoppler.earntodie2
CSR Racing 2 - Car Racing Game,"4,5",0,3,30 Nisan 2026,,"Yarış, Kalkış (drag) yarışı, Basit",https://play.google.com/store/apps/details?id=com.naturalmotion.customstreetracer2
Dirt Bike Unchained: MX Racing,"3,6",0,3,16 Nisan 2026,,"Yarış, Çarpışan araba, Basit",https://play.google.com/store/apps/details?id=com.redbull.moto
Monster Legends,"4,4",0,7,10 Mayıs 2026,,"Simülasyon, Yetiştirme",https://play.google.com/store/apps/details?id=es.socialpoint.MonsterLegends
Combat Quest - Archer Hero RPG,"3,5",0,7,10 Şubat 2026,,"Rol Yapma, Roguelike oyunlar",https://play.google.com/store/apps/details?id=com.chillgaming.combatquest
Wild Sky TD: Tower Defense RPG,"4,6",0,3,,,"Strateji, Kule savunması",https://play.google.com/store/apps/details?id=com.wildsky.td
Diablo Immortal,"4,8",0,16,17 Mayıs 2026,,"Rol Yapma, Aksiyon Rol Yapma",https://play.google.com/store/apps/details?id=com.blizzard.diablo.immortal
Decor Life - Home Design Game,"4,2",0,3,2 Mayıs 2026,,"Simülasyon, Yaşam Tarzı, Tasarım, Basit",https://play.google.com/store/apps/details?id=com.decor.life
Super Bear Adventure,,0,12,,,Macera,https://play.google.com/store/apps/details?id=com.gt.crazybear.adventureworldgame
Ultimate Bear Adventure Super,,0,12,,,Macera,https://play.google.com/store/apps/details?id=com.bbs.scary.playtoys.factory.escape
Super Bear Adventure,,0,3,,,Macera,https://play.google.com/store/apps/details?id=com.hj.brave.bear.fun.game
Ultimate Bear adventure super,,0,7,,,Macera,https://play.google.com/store/apps/details?id=com.et.ultimate.bear.running.game
Who Is Your Daddy?,,0,12,,,Macera,https://play.google.com/store/apps/details?id=com.mole.yellowboy.escape
I am Funny Cat Sim,,0,12,,,Macera,https://play.google.com/store/apps/details?id=com.power.wash.simulator.game
Kick the Buddy: Second Kick,"4,0",0,12,4 Nisan 2026,,"Aksiyon, Basit, Çok basit",https://play.google.com/store/apps/details?id=com.playgendary.ktbremaster
Scritchy Scratchy,"4,4","249,00",18,30 Mart 2026,,"Simülasyon, Tıklama",https://play.google.com/store/apps/details?id=com.fundaygames.scritchyscratchy
Sunken Stones,,0,7,,,Strateji,https://play.google.com/store/apps/details?id=com.spritewrench.sunkenstones
Rumble Racer,,0,3,,,Yarış,https://play.google.com/store/apps/details?id=com.blyts.rumblerace
Bubble Hero: The Five Elements,,"104,99",3,Mini Coach Bus Euro Bus 2026,,Aksiyon,https://play.google.com/store/apps/details?id=com.DragonarkStudios.BubbleHero
Card Crawl 2,"3,8",0,3,6 Nisan 2026,,Kart,https://play.google.com/store/apps/details?id=com.tinytouchales.crawlitaire
Nowhere Prophet,,0,12,,,Rol yapma,https://play.google.com/store/apps/details?id=com.SharkbombStudios.NowhereProphet
Neon Fusion,,0,12,,,Arcade,https://play.google.com/store/apps/details?id=com.cregongames.neonfusion
Iron Roads - Railroad Manager,,"264,99",3,,,Simülasyon,https://play.google.com/store/apps/details?id=com.cowleyforniastudios.ironroads.android
Vector Block,,0,3,,,Strateji,https://play.google.com/store/apps/details?id=com.dedb8.vbock
Wednesdays Mobile,"5,0",0,18,9 Mayıs 2026,,Macera,https://play.google.com/store/apps/details?id=com.ArteExperience.wednesdays
Bulmaca Kutusu - Aç Çelik Kasa,"4,5",0,3,14 Nisan 2026,,"Bulmaca, Mantık",https://play.google.com/store/apps/details?id=com.peaksel.openthesafebox_3dsafebreaker_thevault
Sky: Children of the Light,"4,4",0,7,13 Mayıs 2026,,"Rol Yapma, MMORPG",https://play.google.com/store/apps/details?id=com.tgc.sky.android
The Battle of Polytopia,"4,4",0,7,3 Nisan 2026,,"Strateji, 4X, Basit",https://play.google.com/store/apps/details?id=air.com.midjiwan.polytopia
Underground Blossom,"4,9","134,99",12,28 Eylül 2023,,"Macera, Bulmacalı macera",https://play.google.com/store/apps/details?id=air.com.RustyLake.UndergroundBlossom
The White Door,"4,8","129,99",12,30 Temmuz 2021,,"Macera, Basit",https://play.google.com/store/apps/details?id=air.com.RustyLake.WhiteDoor
purple,"4,3",0,3,17 Ağustos 2024,,"Bulmaca, Mantık",https://play.google.com/store/apps/details?id=air.com.bartbonte.purple
LEVELS II,"4,0",0,3,16 Ocak 2026,,Bulmaca,https://play.google.com/store/apps/details?id=app.flow.levelsII
Brewtopia: Grow Coffee Beans,"3,4",0,3,4 Mart 2025,,"Simülasyon, Yönetim, Çiftçilik, Basit",https://play.google.com/store/apps/details?id=ca.lbcstudios.coffee
The Room Three,"4,9","150,00",7,18 Aralık 2023,,"Macera, Bulmacalı macera",https://play.google.com/store/apps/details?id=com.FireproofStudios.TheRoom3
quadline,"4,5",0,3,24 Nisan 2026,,"Bulmaca, Mantık, Basit",https://play.google.com/store/apps/details?id=com.IvanKovalov.quadline.android
Time Princess: İnci Kız,"4,7",0,3,24 Mart 2026,,"Simülasyon, Yaşam Tarzı, Giysi Deneme, Basit",https://play.google.com/store/apps/details?id=com.igg.android.dressuptimeprincess
Disney Solitaire,"4,5",0,3,2 Nisan 2026,,"Simülasyon, Yaşam Tarzı, Tasarım",https://play.google.com/store/apps/details?id=com.superplaystudios.disneysolitairedreams
Bebek Panda'nın Şehri: Yaşam,"3,7",0,3,12 Şubat 2020,,"Simülasyon, Yaşam Tarzı",https://play.google.com/store/apps/details?id=com.sinyee.babybus.career
Animals & Coins: Animal Run,"4,7",0,3,29 Nisan 2026,,Macera,https://play.google.com/store/apps/details?id=com.innplaylabs.animalkingdomraid
City of Crime: Gang Wars,"4,3",0,18,23 Nisan 2026,,"Strateji, 4X, Basit",https://play.google.com/store/apps/details?id=com.fingerfun.coc.gplay
